token,score
▁,2.5258807436698345
i,3.925444541719096
w,4.9592838974754
s,4.034784722267549
h,3.978668236397725
a,3.7772470637454205
d,4.298901890163798
b,5.393734427767075
e,3.3267859004014104
t,3.650967184009231
r,4.1507147468841845
n,3.9430475370272204
o,3.834637121171824
q,8.487737353995318
u,4.785642693559053
.,5.31299324671119
l,4.436890707055656
g,5.0066131528063815
",",5.581891040870893
y,5.121304023799014
k,5.678236600764365
p,5.3531976320922
c,5.018006531487075
x,7.840321710901979
m,4.926352918324864
v,5.984124953865347
f,5.158166721577117
j,7.503489146101052
z,8.220116919668484
:,10.110149076149186
?,7.866769950083613
5,11.594529063446698
4,11.656240418944035
3,11.473068155312934
2,11.056732115664564
;,9.626615550486203
!,9.596626293703471
-,7.847193119090171
1,10.59419074908938
6,11.994084633142831
0,10.735980866902375
',6.562832950245592
*,9.508814389326023
7,11.953863961846032
8,11.938069610009808
9,11.62187962875698
/,11.934182785599111
"""",6.538166187215922
%,14.4235095622277
(,11.119122696741448
),11.104341428865208
#,13.51364074269338
=,14.9487252679827
@,14.275060765908016
&,14.072472524316593
[,14.0220416706897
],14.016653826722576
~,12.540699662530658
$,13.879400445821986
^,14.714071740725727
>,13.72163354204034
`,14.369076198846258
{,15.504466219859946
},15.508576377721775
<,14.130345742710997
_,12.877375197671034
+,15.48980797694873
\,17.04190784558012
|,16.34115606563496
,22.61025234934122
,14.93702922821951
,19.777039005285
,17.668609926731914
,21.51164006067311
▁t,4.6007245184352685
he,4.709433315223831
th,4.835488962287236
▁a,4.962014276192158
▁th,5.0695723809311835
▁h,5.146591862100383
in,5.18046261519472
▁s,5.250992103159745
the,5.318704969434831
▁w,5.346237058655246
er,5.380574615629705
▁the,5.410376443595798
an,5.430685202070427
ed,5.6248586671873095
re,5.6491517967137925
▁o,5.655597072735054
ou,5.663624968354748
nd,5.744735844181225
▁b,5.761019272923792
ng,5.781314993367896
▁i,5.785039652371196
to,5.793930189479678
ha,5.844987751676675
▁m,5.868593599754649
at,5.900733985256684
on,5.924178544127599
ing,5.931254994734451
hi,5.945997097352787
▁he,5.959132496375514
▁f,5.984735844272433
en,5.990549211389596
▁to,5.998978559501703
▁c,6.011354150416744
▁an,6.04903106794541
as,6.049929409657885
it,6.083179830394576
and,6.083629018073468
st,6.115827549926808
ar,6.143561175241523
or,6.1628549656308165
is,6.163081610474354
▁d,6.197416393959212
wa,6.226788412049074
te,6.255603854830778
▁and,6.278382502720636
me,6.284607468916719
ve,6.285484701353995
le,6.291846740706072
ea,6.301423369948855
▁l,6.310228468932003
her,6.350636129385397
ne,6.3851846020191365
se,6.390655901866922
es,6.401177246293573
▁wa,6.409360584812815
▁p,6.418113521185467
al,6.42578682394693
ll,6.427908531894159
nt,6.453294991972519
ro,6.4841193842988565
sh,6.488138283039377
of,6.488180314685827
▁of,6.532283517926613
▁in,6.55338975525841
be,6.560211046135348
ti,6.587816859423512
▁hi,6.602360590943981
li,6.610287069353209
▁g,6.615642715166221
▁ha,6.621689922915569
ut,6.623439535190616
de,6.626147968163284
▁n,6.665342553073305
▁r,6.669513042273304
ho,6.698946454949665
el,6.706456719240401
▁sh,6.7176451217620174
▁e,6.72050879062672
▁y,6.7301790166143265
▁be,6.732758257762372
ow,6.741318559385694
co,6.744609216900025
om,6.752677922293524
ad,6.754316843684124
ee,6.760418177288415
his,6.781127334009067
no,6.784570615039061
yo,6.790645352165682
ri,6.807592089276786
lo,6.807919229032133
hat,6.822296964309797
you,6.849221575478541
▁yo,6.851508937365426
ch,6.8546131803931
ke,6.855259686573022
▁you,6.855447047369568
oo,6.859675077588129
was,6.868008782418578
▁was,6.870200043373429
▁her,6.883919217241954
ur,6.88747981083845
we,6.895576200171043
ly,6.895623504427237
ac,6.897528460847903
et,6.899138205643326
id,6.902359160051717
ot,6.909072516350096
us,6.924034213330158
ce,6.938429426114637
wh,6.940798602631669
▁co,6.94135334212396
ma,6.942924606091202
fo,6.947770913605335
wi,6.955536394393863
ai,6.96678653202979
ra,6.975104381602395
▁wh,6.98062837707014
la,6.986907877728043
tha,6.987105692158086
▁it,6.991233115194447
ld,6.997393468924667
ul,7.005210970408213
▁tha,7.010158677365871
gh,7.012735732392193
il,7.015767539164058
ta,7.022991680812526
ca,7.030339301848414
un,7.031267948556193
▁on,7.035559234305631
so,7.042017025936318
she,7.046857932545449
im,7.057000377961139
pe,7.06151208762652
▁his,7.076837172494486
ere,7.079417641500934
si,7.095340696155039
▁wi,7.097051089491288
do,7.12558771670971
that,7.1364897150614075
▁st,7.136815855651466
di,7.140336440659936
▁that,7.141070748966026
▁she,7.146774943474117
for,7.150955593734115
ck,7.160567169763766
ge,7.163733011982709
▁fo,7.17072289997033
thi,7.188448819086923
▁we,7.21756016412236
▁no,7.219608408354872
mo,7.221989855257501
ic,7.225129286887174
ay,7.24180164047336
▁u,7.244463399544401
▁do,7.257349548336287
▁so,7.261261591581388
wo,7.265670689131927
▁me,7.269363326258081
ir,7.28682311510379
▁re,7.301882864758251
all,7.307289608558698
sa,7.310852816305943
ver,7.333028549861982
ss,7.359225692562208
ig,7.364408535513109
my,7.366951183096207
tr,7.370322028276568
out,7.375159183280924
▁as,7.3758057635699315
rs,7.389882823894597
hin,7.394314028971888
ith,7.397008850959545
ie,7.3982110017198695
▁li,7.406075744927436
▁my,7.407807634969714
▁for,7.410387060123451
bu,7.412319416731055
ent,7.4165133726858326
wit,7.425409730104992
▁ca,7.429673109611686
ther,7.435166475926739
io,7.436279164739064
em,7.441287045986357
▁wit,7.4416304470373245
oul,7.448142716002096
ht,7.448389343412548
ght,7.452223262229544
with,7.455140532299106
▁with,7.457355676397888
mi,7.461014693693412
uld,7.466387237540652
▁ma,7.466833980300569
ould,7.467728595540481
▁bu,7.471136728927586
▁wo,7.4743086924977105
ol,7.482585479786172
ec,7.491354695193272
ev,7.491611943197929
bo,7.494229744671803
ey,7.497089044452454
ter,7.503466877328235
▁k,7.5149891988750825
▁lo,7.515302673574999
▁sa,7.5208045876501695
fe,7.529761756085849
rt,7.540158195515552
av,7.54050362580575
ba,7.546915847097207
▁se,7.5530429480591375
▁mo,7.55835039441574
ns,7.559641319035831
am,7.563786023707731
had,7.564804208397383
fi,7.572563811472273
one,7.573959363737765
▁thi,7.581264795307055
eve,7.591919348463052
pa,7.593833176889283
os,7.598891485408248
▁had,7.599012471395798
ug,7.607480855666498
fr,7.614448752744015
go,7.617795022456103
rea,7.6219092511443955
▁al,7.63339166432779
▁di,7.637185036661984
ni,7.6424453021500485
▁at,7.647450138328266
igh,7.651672203921442
ki,7.657160423776891
ome,7.659266695437159
bl,7.659641687187397
nc,7.669360997494793
ion,7.670448760593105
if,7.683775791661921
ab,7.685240009046755
thin,7.6889470252328165
but,7.703120214225898
▁fr,7.7068699756420544
tt,7.7152402893819385
ry,7.720892592782685
▁but,7.723381830242688
ok,7.725469405577262
pr,7.72896679332507
pl,7.737694481506897
▁ba,7.743108957202932
ave,7.748427160950068
▁go,7.758047815148907
ov,7.759957876061044
up,7.761807517266953
ear,7.762168882905441
him,7.767216708641073
rd,7.768345061478621
▁ho,7.770479196382541
ag,7.776509822922627
▁him,7.781674682364018
ight,7.7848885878692355
ugh,7.787216446275996
ted,7.791461216078338
not,7.799808839747113
here,7.800959418418973
po,7.803356945175705
hen,7.812188899684205
▁ar,7.814554994696098
▁ou,7.8174308453550845
su,7.821326957362591
fa,7.827085927695608
han,7.830068216372548
ct,7.830505442338994
hing,7.8318736273344385
op,7.843972727530182
od,7.846553247306236
▁fi,7.846688086290095
ga,7.855823406743501
ove,7.863506093917101
ap,7.872171616537508
ak,7.873837717348831
tu,7.874190548383463
hou,7.8751066582524
ack,7.896092966836552
are,7.9054313768954465
und,7.906260995902084
na,7.913896284788358
int,7.9174933885674585
▁ne,7.921789551080708
da,7.922285921486834
sta,7.927521562963609
our,7.935465954230334
oun,7.936820700700171
ate,7.938806767479792
▁fa,7.946904219517326
▁de,7.947221241501171
▁le,7.948545680550098
▁pa,7.949176144691715
ook,7.952261229850025
▁not,7.955218071463795
pp,7.956269043709771
ill,7.958292420781205
tio,7.960753251222276
red,7.966277313869369
cou,7.967854240029934
gr,7.968246672519192
oth,7.968989522079485
tion,7.972126336489348
ain,7.973404582916566
oug,7.974243715680123
ough,7.974243715680123
vi,7.9797044653391636
fro,7.9830345437943615
br,7.985723624184075
▁j,7.987512191781501
sp,7.990170863753296
wer,7.994162741893308
▁fro,7.9974508350870686
iv,7.998631516678938
rou,8.001197391964118
ts,8.002555483097971
ye,8.00881080141882
▁cou,8.01082106965024
ore,8.01964602816983
now,8.027442603918535
▁out,8.028496112296093
ant,8.036790499951502
ep,8.037791985384265
▁si,8.037914426695272
kin,8.038929718826807
hav,8.041200603825413
ked,8.04391408330212
thing,8.048678209380656
kn,8.05019642193107
▁pr,8.0516570099668
cl,8.055989991302049
tin,8.057518875457275
whe,8.061086745630197
▁hav,8.063641527690354
nce,8.067788530365217
loo,8.072863821186214
ide,8.073551519792357
rn,8.085057603977438
ess,8.09003666198327
▁su,8.090730341297393
▁up,8.091437370677964
ead,8.091884407802114
▁fe,8.100956814252475
hea,8.102246323135345
rom,8.102558074799399
▁is,8.103736402816864
▁tr,8.10523472801204
hey,8.106666953423549
▁ch,8.106751384146934
oi,8.107061024469001
they,8.10755634670132
▁they,8.113472372973057
▁kn,8.113572054876547
pi,8.115498827986851
cr,8.116542272554122
ever,8.120857453822934
ers,8.121042501039815
have,8.122795775611003
wn,8.122888219073081
ell,8.128011997475376
▁have,8.134261407874636
ned,8.13658365014481
▁ev,8.13667116288017
ef,8.146457571554576
ex,8.148122959819947
▁whe,8.149341044862268
ru,8.150120684861298
way,8.15123033236934
ust,8.163593958386022
own,8.169495578647778
ff,8.17377129526183
een,8.17915785323993
▁eve,8.181195332847249
from,8.181989922314624
▁from,8.18360433513328
ei,8.183856737914091
ard,8.196785897689368
ew,8.19980464112654
▁bo,8.203599651272585
▁int,8.208461816517978
res,8.208708329103471
uc,8.21039603963234
▁la,8.211035662772813
ik,8.21477562702762
gi,8.215347466071357
▁v,8.21588768099364
est,8.21589945240956
mp,8.217055968654256
ound,8.21733548310916
con,8.21815033742534
aid,8.222381842053409
▁hea,8.226308987814845
som,8.229695631778167
lin,8.231176669480343
wha,8.23443424276312
der,8.234590718160826
▁ta,8.236745599994533
what,8.237998697106287
some,8.238312790142308
▁mi,8.240706689399381
au,8.245011273554043
this,8.245388771669592
ny,8.245538886969971
dr,8.247033184821266
tho,8.24705342459317
▁this,8.250203673805585
▁br,8.252107083619626
▁wha,8.253702046157374
tl,8.25645996262812
▁what,8.25733597177361
▁gr,8.258439667218969
ive,8.261120377241193
were,8.263716560298239
king,8.264237665665066
▁som,8.266700412797839
▁some,8.268789750882556
ds,8.271057594549205
ind,8.27202534449369
ike,8.272681908870814
ting,8.27361619491932
com,8.281161565014663
man,8.282113992504478
▁sta,8.28471488650198
led,8.28571879136133
ste,8.289000671822723
ft,8.28931974065111
▁ab,8.289673911651827
eat,8.301748828565618
wou,8.302156923263912
ju,8.303928688933343
▁wou,8.304220104541814
che,8.30742392242262
▁all,8.307732334392187
did,8.309137980202948
nk,8.310467967419308
sho,8.313821095747155
▁did,8.3185206559439
bac,8.320031132596792
▁da,8.32210538094314
sai,8.324574425536776
▁wer,8.32575805704726
▁were,8.32575805704726
lik,8.326068421534043
othe,8.328527833874793
▁sai,8.329341867941595
back,8.330266540493135
coul,8.33095934864443
could,8.33095934864443
▁un,8.331920770414527
like,8.332055493621496
▁coul,8.332309250627542
▁could,8.332309250627542
woul,8.336251689139102
would,8.336251689139102
ci,8.337242263582443
▁ti,8.337744250810351
▁woul,8.338386503454325
▁would,8.338386503454325
▁bac,8.339272018808247
sed,8.340674473269562
▁sho,8.341026982583747
▁cl,8.341850623670258
hr,8.344716404846874
▁back,8.345728807341295
rr,8.348164810767207
▁said,8.350011740324419
said,8.350011740324419
ake,8.355033723212905
▁loo,8.3552605159395
ia,8.35903850020817
lea,8.3646881411342
▁lik,8.370445115533656
aw,8.371672549320422
▁like,8.374200896175061
ty,8.374446528969719
pu,8.375120687184566
look,8.377568162963316
men,8.379398962312372
use,8.382393758369375
other,8.382830173402356
art,8.383015657792058
ace,8.38672261434806
ati,8.386838990191624
nto,8.388225236233001
ble,8.391292046082139
rm,8.39406278507016
▁rea,8.395147214500527
▁look,8.397548130902075
▁if,8.399410524292243
over,8.406054649467714
wor,8.409599805999209
rin,8.411071814282751
nte,8.411544105678278
ine,8.41467928117242
▁te,8.416802054333532
▁one,8.417006286182621
tur,8.423058242143885
▁ju,8.434280325369839
see,8.437917358612223
▁thin,8.439253651411526
there,8.440792458543719
nde,8.449514421600949
▁see,8.45264113833617
ast,8.454092576203685
▁con,8.455658680342227
any,8.456722181127468
sc,8.46799238291817
▁po,8.471023397492749
▁ther,8.471511848176721
mor,8.475187575105293
▁there,8.47735772305282
ue,8.47739631050455
▁com,8.477587813662936
min,8.479065732602695
abo,8.487018149589671
thr,8.487693216129214
▁ro,8.488426157072713
bou,8.489292249393664
ppe,8.490952883249445
lly,8.492448484798713
ose,8.493059185385881
get,8.493204152154723
kno,8.494910569622304
ip,8.495055063997833
sti,8.497621647967566
hed,8.497750187399443
▁ge,8.501754317489182
qu,8.502385659380282
per,8.505200947511597
into,8.506969223020041
▁into,8.507206229657337
▁abo,8.511320031181508
fu,8.511882831455388
when,8.514337387025416
mu,8.514981261661392
dow,8.515358559239859
hu,8.516134016107902
▁when,8.518055198255775
str,8.518637736241512
thou,8.519002753895041
ime,8.520663329887135
▁kno,8.522662562671341
▁wor,8.52467419696702
▁pu,8.527304263852557
ure,8.527909829640597
▁sp,8.535311827762508
oin,8.536104463317088
tim,8.540035233987892
ood,8.541491238595285
too,8.544568458342097
▁han,8.54478105670371
jus,8.54591489889384
just,8.54591489889384
ous,8.546042000505512
▁tho,8.548890816168354
▁thr,8.550206288176945
old,8.552508023333457
ame,8.552692485424862
▁ex,8.552720746453142
▁dr,8.55315967993821
ven,8.5545468449177
▁ag,8.55565796401224
▁pe,8.556522846984008
sto,8.557057274197968
gu,8.557472085653973
ist,8.558770468856208
sl,8.5640031558743
know,8.564335874990574
din,8.566098193089138
ded,8.571705445809066
oc,8.571715846978156
▁jus,8.571788658191116
▁just,8.571788658191116
▁pl,8.572529873898802
cu,8.573874428615515
um,8.57937721800979
bout,8.581012010889982
▁en,8.582164264416253
abou,8.58385140440277
about,8.585221821046359
pla,8.586774417899436
hand,8.587687785387732
fl,8.589096851642772
▁abou,8.59062368144614
▁about,8.59062368144614
tra,8.59138307551719
▁know,8.594113005883912
▁or,8.595285378311893
ui,8.597163052909188
rie,8.597668741506096
hem,8.599727792169029
ile,8.59993598809449
ath,8.60519638949367
rk,8.606192169307489
▁hand,8.609113208825493
ong,8.611473183177775
ling,8.612267746209932
nge,8.615360385928383
wan,8.618258913208479
lle,8.620124838968543
time,8.620856553797076
end,8.623107978925333
them,8.623111348081215
ice,8.623632019067678
tte,8.62392870370336
ins,8.624842910831559
▁them,8.625894776512615
bi,8.627071204482645
lu,8.63055026145546
ect,8.63197519255175
ten,8.633488963047098
ery,8.63414706196532
sid,8.634864397664872
by,8.638451117257437
side,8.639003800566012
then,8.640720262746486
how,8.640944030961274
pro,8.642194968469427
ys,8.643144081892725
▁ov,8.644305716445562
whi,8.645452336753252
▁ove,8.647137636215138
sk,8.648956287995633
app,8.650313362700722
▁wan,8.651279746310694
▁over,8.65147122880601
▁then,8.65273801596228
fin,8.6563869254262
cha,8.657635546158945
lf,8.657945982760866
nti,8.661556208537734
▁bl,8.66376440745781
ped,8.667771752431394
bee,8.668369086120801
▁bee,8.670592397386946
▁whi,8.670814117182617
ally,8.670863591255562
dy,8.671494600334219
want,8.674774476329965
lt,8.67480995493637
▁any,8.675318324186632
low,8.675541094410718
nin,8.676220361733845
▁want,8.677495788785896
sm,8.67862236096695
▁ri,8.687083617358896
ding,8.68791365320409
ment,8.697093438140941
▁mu,8.704234033855643
▁been,8.70606446951107
been,8.70606446951107
ink,8.707325413078085
ught,8.714567400066386
ick,8.714692929876188
your,8.715040064907814
ple,8.715573003922003
very,8.716282798656625
oke,8.71848099535521
ls,8.718496747246247
▁your,8.718861890017418
▁ki,8.721287818748584
down,8.724886491887956
ning,8.72928743974018
▁tim,8.730819084814252
war,8.732546638783978
eas,8.73948590842391
▁time,8.741140362781762
eal,8.742264148606898
▁dow,8.74316218797973
▁down,8.74316218797973
can,8.74453073239493
▁are,8.745313735465622
off,8.746543230741807
ring,8.746780542091122
eye,8.74690827512544
▁get,8.751960118281668
tw,8.752831429343539
lon,8.75453982903692
sin,8.755954826124839
roun,8.75726201585346
round,8.75726201585346
par,8.757727356420332
sel,8.758171703413483
pen,8.758977043197053
▁cr,8.759797516859061
▁mor,8.76031427804335
▁sto,8.761739410500855
af,8.763085191053253
ont,8.76594347240427
ort,8.768769997288192
pre,8.769621952987341
urn,8.77269266973199
▁fin,8.777464900087834
rl,8.780368582616843
ran,8.781029239629735
car,8.782356802946886
gl,8.786244991636009
▁ey,8.786597050015882
▁eye,8.786597050015882
yes,8.787156631574613
ree,8.787550709296404
thoug,8.793145066820353
though,8.793145066820353
houg,8.793145066820353
hough,8.793145066820353
pt,8.793448627873405
▁us,8.796749806089737
mb,8.797829553611944
▁pro,8.800217757147696
▁ever,8.801685845611376
nl,8.802676185596518
▁sl,8.803262993920626
gai,8.804065118837828
til,8.804757784385824
atio,8.80490829559389
gain,8.805524718742413
lan,8.806824494119926
ation,8.811299110387296
▁sm,8.81198561520479
▁too,8.813796178674503
▁thou,8.817771961590715
tc,8.819840136265533
aga,8.823042505343528
▁fl,8.823299714664977
▁man,8.827430286000478
abl,8.82786123518563
ang,8.829812647111892
eth,8.833845471378872
who,8.835145123548513
hro,8.836874018877673
▁who,8.841722293972065
tch,8.843057418157056
head,8.843150828184637
even,8.843547655669623
sur,8.843568656219837
air,8.845817214763263
▁str,8.848963580147716
agai,8.848979416053945
again,8.848979416053945
▁aga,8.850848758181115
▁agai,8.850848758181115
▁again,8.850848758181115
thro,8.850949245757496
ons,8.851990679897838
▁pla,8.855246857840406
▁off,8.855997174581525
tar,8.864439196703874
cal,8.864463857232929
more,8.866354878346538
uch,8.867075953047696
▁by,8.868787765452586
ger,8.87193497945709
anc,8.873295940836522
▁thoug,8.873523128246557
▁though,8.873523128246557
fore,8.874534197045309
▁ea,8.87534140409331
▁can,8.876891550658774
▁lea,8.877835398314293
lk,8.879627792215812
nn,8.880471807841543
ered,8.880873918656278
act,8.886079970032451
ach,8.886348437735482
tan,8.891229564271926
fac,8.891890560350948
ade,8.896021754934313
tel,8.899581331654902
met,8.900311217743981
eg,8.909689226152205
ite,8.91345776208193
spe,8.913980385845273
oing,8.915959594097835
nds,8.918481281538998
tle,8.919600047480337
har,8.923572250722822
nder,8.92469103613233
▁thro,8.926865033054401
ene,8.931378572160618
eed,8.932708146783686
age,8.934015353029386
▁cha,8.934728258956
mil,8.936866573059572
lit,8.937588436559553
dd,8.938176921654401
▁ra,8.941271584072842
hel,8.943000529499438
ua,8.944330559232373
nly,8.94523101585374
elf,8.948784976981914
eir,8.949982565140763
▁more,8.95178164083823
fte,8.952136226494567
ass,8.953365962361767
win,8.953748073919547
oor,8.95402947638438
oa,8.955166444814308
ob,8.960599228671887
tal,8.961304178761214
hei,8.962477835794541
va,8.963704969928013
fee,8.964994075742103
les,8.965131615255288
▁now,8.966166139015842
▁eyes,8.967009260324437
eyes,8.967009260324437
ire,8.96753805812983
alk,8.969355926799313
self,8.97126658193172
▁car,8.972813989497544
▁how,8.973855299466207
▁even,8.974518189835974
turn,8.975280937608808
roug,8.977140551150972
rough,8.977140551150972
ett,8.978697081987525
ud,8.97886777517055
unt,8.979073366905764
ought,8.983244814126165
vin,8.98334020649376
▁ac,8.983927250947225
▁tu,8.98449046101771
tak,8.985404841896838
vo,8.98588292656566
▁sc,8.98626677003005
ope,8.987859416559255
ms,8.988655478038792
▁fac,8.988820594513056
heir,8.989385353221254
ied,8.99123976033952
▁ye,8.993657472223017
thei,8.997019555259852
their,8.997746987444184
las,8.998570579479345
▁thei,8.9992525169932
▁their,8.9992525169932
ost,8.999398531682047
eep,8.99942798260638
rig,8.999968069990915
new,9.000191555082196
ull,9.002228552415117
owe,9.002343003036874
than,9.00368662329134
▁gi,9.004193258559924
ze,9.005610981815765
▁head,9.006007415400735
▁hu,9.006095121316678
rne,9.010789329053138
▁q,9.011068629364232
▁qu,9.011068629364232
eme,9.011787721029723
sse,9.01510172056457
shi,9.015207680829569
let,9.017218065370193
star,9.020829672980604
wil,9.025487919177657
ps,9.029788403881803
▁ga,9.031842289320359
long,9.03202356804577
rc,9.032075549127203
sw,9.036943297324859
pped,9.040041487337865
tly,9.040254936829433
lac,9.04853013440586
arm,9.05147832129075
think,9.051778273714339
hink,9.051778273714339
los,9.052669611433144
▁tw,9.053867505613917
efo,9.055408098190764
itt,9.055900083321708
ean,9.056440377457465
nes,9.058008362800948
▁think,9.058131981926676
efor,9.059101946309339
▁fee,9.060054598527168
ful,9.060871134867313
aro,9.061008159156714
efore,9.06156819640273
roo,9.063333908723708
▁im,9.06397771168467
son,9.065671635907684
chi,9.066813016314578
ssi,9.06870506502113
▁star,9.069323384396197
lled,9.072733632805186
med,9.074744095551585
▁way,9.076103877083908
bef,9.076675086426452
befo,9.077342131065596
befor,9.077342131065596
before,9.077342131065596
wal,9.077461529932245
nee,9.077786632425326
▁bef,9.079007041154718
▁befo,9.079675643647606
▁befor,9.079675643647606
▁before,9.079675643647606
ord,9.079828567858
▁af,9.08048973546146
▁tak,9.0809183310455
rg,9.082465198016305
▁aro,9.083301582244195
ren,9.083915642644314
yi,9.08418407876514
tor,9.08563835811739
clo,9.087519491180828
row,9.087602583613165
gs,9.09027594421652
arou,9.09068724504855
att,9.091202281640307
nst,9.092346261738689
▁arou,9.09328665084343
yin,9.093846184193744
ying,9.093846184193744
gra,9.094411428434096
eo,9.09506340737519
▁aw,9.095676628384933
cke,9.101048225552498
ved,9.103524933736779
aroun,9.103855897887394
around,9.103855897887394
ond,9.104846720930743
ance,9.10501718148147
▁wil,9.105060824054261
able,9.10514811491428
cti,9.105839891600342
▁aroun,9.106489806151266
▁around,9.106489806151266
▁sti,9.108678862976245
▁than,9.110012967201358
▁ot,9.112916061548328
▁oth,9.112916061548328
▁othe,9.112916061548328
▁other,9.112916061548328
hear,9.113527952744292
righ,9.11449261335423
right,9.11449261335423
tic,9.114498120508024
▁sur,9.116978042211999
day,9.119277354398912
▁gu,9.119659242396912
▁pi,9.121102324027717
fir,9.125203328499774
▁hel,9.12565152742965
cau,9.12624340205307
rst,9.126929021764461
ely,9.126941567967595
rse,9.127175792657065
den,9.127684862833966
every,9.130585225735743
reat,9.131075037657762
jo,9.131773784632674
eli,9.13207359732204
tter,9.132243157370176
▁pre,9.134950198800217
▁every,9.135675565873367
mak,9.136034226511816
enc,9.136380350489564
dis,9.13705183488237
real,9.137270129215823
eac,9.140043089708588
will,9.140211181269445
▁clo,9.140946030686653
ttl,9.141426801286329
hes,9.143567620372277
eet,9.14384546981936
aus,9.145616446703265
oked,9.14994496176305
ron,9.15104394766677
▁mak,9.151928294711304
lie,9.151994044783867
oom,9.15330566107031
awa,9.154106062602445
▁bi,9.154335275829052
▁real,9.154825395344902
rat,9.156456556764716
hap,9.157647535066344
▁hear,9.162509461310906
rai,9.16286342801717
hil,9.163018056875703
onl,9.164119937558953
face,9.165988098138426
ttle,9.166949605298722
▁dis,9.16801806367025
goi,9.170452485308864
goin,9.170452485308864
going,9.170452485308864
qui,9.173795277433596
ving,9.173880013291525
ock,9.175181171652074
nu,9.175593802251122
▁goi,9.178121585384321
▁goin,9.178121585384321
▁going,9.178121585384321
ched,9.181578490725526
appe,9.182391539615107
▁tur,9.183433856749293
▁onl,9.186324704589746
nger,9.186900325932632
▁will,9.190191719249558
only,9.191575259504866
bec,9.19260784556981
stan,9.19356401239695
▁awa,9.194160217568804
eel,9.195165628074262
▁only,9.198155006059
▁fir,9.199052066561412
hrou,9.200374413514801
tri,9.2013845926936
eri,9.202904033483149
omet,9.203281621602185
throu,9.203671393921397
throug,9.203671393921397
through,9.203671393921397
hroug,9.203671393921397
hrough,9.203671393921397
wel,9.203910750279746
take,9.204163717374293
aft,9.204580951719183
kne,9.206382931971838
▁throu,9.208262256935031
▁throug,9.208262256935031
▁through,9.208262256935031
▁min,9.209395485539527
▁bec,9.210358755643137
pin,9.210649736599578
▁turn,9.211697666200607
shou,9.213936723633484
somet,9.215146440775708
ooke,9.21571147664615
tre,9.216712876708343
▁shou,9.217533644309386
ooked,9.217874048538876
ise,9.218222204992907
ies,9.219123699242378
sha,9.21946923276639
ja,9.220576967745465
oss,9.22197256227532
▁somet,9.223267257428184
▁wal,9.223996644782847
room,9.226075628429255
des,9.229796897213227
ward,9.234255013624681
unde,9.236061564141364
wher,9.239636114373367
where,9.239636114373367
lat,9.240747683548731
ause,9.24147899528575
ks,9.247776608712746
▁face,9.248602816380211
▁ins,9.248711454444734
og,9.250080675549903
nted,9.250514364173005
ph,9.250531715630725
looke,9.253420984779394
▁par,9.254834694514166
looked,9.255666756689475
sen,9.257413961567188
thought,9.257682422422363
hought,9.257682422422363
noth,9.25927083355848
say,9.260343921447676
▁looke,9.260369409341724
▁looked,9.260369409341724
inst,9.261622302636702
▁thought,9.261633467774676
ays,9.26316586877179
fter,9.264292723105665
need,9.264492652571215
▁nee,9.266340291753789
▁need,9.266340291753789
gre,9.266474915336838
afte,9.266548645455787
▁say,9.269457304130878
rned,9.269757962446224
cre,9.26997989661953
inc,9.270200271305644
after,9.270280712121357
ret,9.27352303138094
oll,9.27557828479384
hy,9.277218081878289
doo,9.279857434068566
▁res,9.280166110644576
▁aft,9.280647186182712
▁afte,9.280647186182712
▁after,9.280647186182712
ien,9.281863909443723
sing,9.282042964262649
lig,9.284262648649106
each,9.285176725495202
ner,9.28538904145481
▁here,9.289013523330123
till,9.289995948819023
▁thing,9.291769709458563
▁op,9.29250477084955
door,9.293385253246178
read,9.29357461709126
ark,9.2945697781209
stil,9.29678277995068
pos,9.297086810673344
come,9.29813344900161
gin,9.298159918514521
▁doo,9.299187808178896
▁take,9.302090134563391
ish,9.30210176079982
eca,9.305437423592203
▁gl,9.305757433195222
mad,9.306074210208529
arr,9.30697841012833
bro,9.309214056063132
sit,9.310295240383164
iss,9.310330406867164
yt,9.3121473488377
▁door,9.312981498326373
hol,9.313384556197503
eath,9.315533579454785
dea,9.31620715024728
away,9.316758131623052
still,9.318419652456754
▁gra,9.318615505770003
xp,9.319172884550328
rec,9.319730574175026
exp,9.31992499366019
du,9.320961972271757
shoul,9.321175252883833
should,9.321175252883833
houl,9.321175252883833
hould,9.321175252883833
mon,9.322503355315817
meth,9.322752571008202
its,9.32347513890335
▁mad,9.324765525196488
▁shoul,9.325180160467838
▁should,9.325180160467838
▁kne,9.326037164915839
▁stil,9.326294069220399
▁still,9.326294069220399
ress,9.327107751381138
ub,9.328769514100852
▁rig,9.330534857162121
ity,9.332539582277992
▁away,9.333454332429998
ask,9.333932596699832
ced,9.335159301265078
ethi,9.33644939239456
irs,9.338261075922977
lli,9.338510805312342
▁lon,9.33886914674665
bre,9.339524140754463
rem,9.340880307118551
ethin,9.340940738999322
yth,9.3414726970839
wat,9.34165756695418
someth,9.342867839897396
somethi,9.342867839897396
somethin,9.342867839897396
something,9.342867839897396
ometh,9.342867839897396
omethi,9.342867839897396
omethin,9.342867839897396
omething,9.342867839897396
methi,9.342867839897396
methin,9.342867839897396
mething,9.342867839897396
ething,9.342867839897396
nsi,9.342898980526751
ton,9.343528921430053
▁per,9.34638940966319
ib,9.346705431815153
caus,9.34946879889695
▁someth,9.350990255117454
▁somethi,9.350990255117454
▁somethin,9.350990255117454
▁something,9.350990255117454
fel,9.351724798124298
cle,9.3519115732258
▁righ,9.353894936348128
▁right,9.353894936348128
tai,9.354883717698897
▁ru,9.355381102934007
top,9.357257279381985
ber,9.35792970175176
▁fu,9.358604334023713
iz,9.358688695067942
ange,9.35966287755273
got,9.359923289180523
▁sw,9.360812366702383
nter,9.361095981435692
▁exp,9.361901462983571
mar,9.362076040141387
mm,9.362610541511092
tro,9.36324596422977
don,9.364682447795998
atc,9.365158196556573
atch,9.365158196556573
tru,9.367616592824092
nev,9.367811681208616
gg,9.369086012135567
ligh,9.37324864720509
light,9.37324864720509
▁long,9.375519675267455
cam,9.375651953710195
iti,9.376206283396762
ythi,9.37863464700348
rac,9.379899514975492
ythin,9.380506501807428
ything,9.380506501807428
▁wat,9.384459118809135
sio,9.384520438959857
cause,9.385079707955752
ris,9.385397367672674
sion,9.385774719695128
▁fel,9.386998029958603
neve,9.388021917746023
inte,9.388874751477946
beca,9.388929096744304
▁let,9.38925523037864
ars,9.392331549972154
ssed,9.393011613058757
pri,9.39333180284671
make,9.393499215592307
ase,9.395585124807303
▁beca,9.396084931461852
▁ni,9.396511971496958
never,9.396973890990596
▁roo,9.398551136584695
well,9.399057918230287
urne,9.401898449175002
sure,9.40358458888486
▁make,9.405477993907647
ngs,9.405686137479572
ari,9.406921153848442
ans,9.408787630286268
bed,9.40922382805342
▁ke,9.41059280177758
mov,9.411133507485756
call,9.41175605137575
▁lit,9.412223213762102
lif,9.41340135757068
▁ap,9.413990021626711
mos,9.414605053507907
rel,9.417465923640513
▁sha,9.417659798319784
dre,9.420742604189153
ens,9.420991360641972
▁bre,9.423392326676101
mat,9.424739540137343
two,9.426491002172256
rri,9.426491002172256
▁wel,9.430163607732565
hic,9.431765760400665
eh,9.432463725831479
feel,9.43291605566902
athe,9.433989975341907
▁feel,9.435313599762408
▁cu,9.435440744741063
ser,9.437249090977405
nig,9.438019390547893
lose,9.438514216769315
▁nev,9.44161625960621
▁neve,9.44161625960621
▁never,9.44161625960621
cro,9.443254095697604
bet,9.44359843975428
urned,9.444427264526354
wee,9.4458108067295
nigh,9.446019845850303
night,9.446019845850303
tti,9.446426542538838
llo,9.446491782872737
lar,9.44661459975484
dn,9.446785417058473
ndi,9.449178004066278
made,9.449256893533516
▁bet,9.455375316276797
ica,9.459770040763797
urs,9.459855604424185
▁ask,9.460310770567682
ros,9.460583191280346
mal,9.461165252709126
▁cal,9.461385317346698
len,9.461566468827815
▁made,9.464305266639935
▁two,9.46446154960619
brea,9.465431049529668
nts,9.4677491465964
most,9.468755195722714
bel,9.468884702459206
tea,9.471220663254119
part,9.471869964098001
eco,9.473280201550955
▁got,9.473524634782475
under,9.473859841992963
nal,9.474088636130519
ands,9.474118225401845
elt,9.47514255378172
clos,9.478297121171614
ence,9.480411001780935
▁ve,9.482515435279822
▁che,9.48281387207014
ife,9.483283592992901
▁tra,9.483361237613511
smi,9.483444861639938
litt,9.485613562645213
▁arm,9.486106561374799
tow,9.486589816205269
ina,9.486617780243519
uck,9.487950973858968
ork,9.488651262406457
▁qui,9.489283944458792
▁brea,9.49086940903027
era,9.491276703826038
▁tel,9.4946598426346
▁clos,9.496766258707835
hal,9.496883299906472
▁room,9.497353620752675
ttin,9.49928971412823
tting,9.49928971412823
▁lif,9.500633843885254
ened,9.500712847467804
shed,9.500751338653833
▁wher,9.502099464406005
▁where,9.502099464406005
pea,9.503154905607323
pul,9.503301131457471
gro,9.50509617027461
▁its,9.505356647356136
▁well,9.50641757115161
je,9.506419608556325
oy,9.508150864679301
tell,9.508477467947012
turne,9.510052784638612
turned,9.510052784638612
ffe,9.510764636178083
ali,9.511321378920012
muc,9.51176576739657
much,9.51176576739657
ecau,9.512653087083509
▁our,9.512938098070663
hai,9.513740255527324
▁muc,9.514126176795964
▁much,9.514126176795964
goo,9.514709446821332
cked,9.515624058159881
ated,9.515722762866325
ittl,9.518195613740746
ittle,9.518195613740746
▁litt,9.518669880646424
becau,9.518929791824275
becaus,9.518929791824275
because,9.518929791824275
ecaus,9.518929791824275
ecause,9.518929791824275
▁mov,9.51897518006914
omp,9.519891637982415
▁don,9.52003620126731
ich,9.520108490747466
littl,9.522911151281274
little,9.522911151281274
bri,9.52444092938871
▁ope,9.524532209635728
▁und,9.525144417494221
iou,9.526388665087577
▁littl,9.5268086104177
▁little,9.5268086104177
▁becau,9.527083125442882
▁becaus,9.527083125442882
▁because,9.527083125442882
mis,9.527266177334443
dl,9.52793418489674
▁goo,9.528692216632924
ein,9.529311146529176
▁ste,9.52962388303871
sn,9.530934269498042
ious,9.531251691366897
▁rem,9.532907258588555
llow,9.533309021327954
▁vi,9.533474376837443
ping,9.534349751231051
ings,9.535240571336976
▁unde,9.535767052181354
▁tow,9.536083913286577
▁bro,9.536728437321607
ged,9.537686543370665
came,9.537846316997005
▁day,9.538847585494212
close,9.539308590092425
good,9.539919380031273
▁under,9.541857420307592
▁knew,9.542296584467032
knew,9.542296584467032
ared,9.543137446167368
▁good,9.547611375874304
cont,9.54795749840301
mes,9.549647361224837
work,9.54984522998743
lace,9.550820252045245
aug,9.55279662786299
dde,9.5531552244734
▁close,9.553402901964413
▁na,9.555221793498058
▁come,9.555232490069487
hos,9.560620968102988
▁des,9.560711309334788
eak,9.562076024140433
augh,9.562274213295396
aki,9.562931534530387
▁smi,9.563097549534644
ness,9.563104018209547
xt,9.5631406748244
ush,9.563610861138994
ante,9.56403378627676
walk,9.565493820272405
▁hou,9.566906205588687
▁cam,9.56705772828383
fou,9.567356511717863
▁spe,9.56811469635697
has,9.570192900912085
ried,9.571340148513103
que,9.57255618952541
stu,9.573124472184023
comp,9.574464807424855
akin,9.575018901408132
aking,9.575018901408132
pres,9.575518721897863
open,9.576425147204413
mom,9.5764644806339
onc,9.577120265664846
▁mom,9.577546756667429
ese,9.57768020916018
try,9.577789609732672
bla,9.578115694432233
bot,9.579217289885834
ture,9.58106842335605
bod,9.581101353659069
atte,9.581283587606244
sou,9.582019447865544
oe,9.582406266158081
▁cont,9.58289659751536
ather,9.583875780602902
▁tell,9.58400127335476
ody,9.585120396149877
▁vo,9.585479750330355
▁open,9.588113808908382
mea,9.588113808908382
orm,9.5883105929275
irst,9.589764456265979
gn,9.590482208933537
▁har,9.590624048190005
giv,9.59175726817478
dar,9.595868469691881
fer,9.596485830017004
▁tal,9.596782387609881
mile,9.599947424331413
rest,9.600155501531042
mbe,9.600309909371685
col,9.600882993250135
pec,9.604526164322486
ains,9.604933030703965
firs,9.605628008561245
first,9.605628008561245
ster,9.60646982576557
uth,9.607310098531942
omen,9.607404757938452
▁smil,9.609351769620803
smil,9.609351769620803
oic,9.611977092934117
ater,9.61308264869038
▁sou,9.613422716888667
imp,9.61487497529187
▁firs,9.615088453488381
▁first,9.615088453488381
nded,9.617974878500068
ual,9.619046042638725
voi,9.61993347053642
ady,9.621566660976496
hair,9.622730937272491
▁mea,9.62304682939567
mot,9.623353660746165
opp,9.62340862555725
▁fou,9.62367891316323
oice,9.624510849479854
pas,9.626450135535531
plac,9.626790184845957
▁pul,9.627992772738983
mou,9.629288955168747
▁walk,9.629623057709075
eing,9.631062125884197
▁gro,9.632292972009493
ves,9.633284754629175
ctio,9.633520707893018
swe,9.63475458574751
ndin,9.635723308592423
nding,9.635723308592423
ction,9.63689723004203
anted,9.637538132156884
▁win,9.638335188435699
▁shi,9.638977013100076
▁work,9.639321349697152
wen,9.63959597331325
gla,9.639938194705893
orn,9.640615998972196
rge,9.641284936633273
cc,9.641359549752625
hor,9.641399190236758
wr,9.641494800222711
mpl,9.642318357265586
ext,9.642848311975033
rds,9.643053832538321
ces,9.643752451101156
▁bot,9.6444866432072
tart,9.64460360254525
▁am,9.646926908303893
rv,9.647023048283778
put,9.647414738361084
eav,9.649801026796805
sec,9.651799457435057
start,9.65233917691188
lov,9.653723981791977
▁ad,9.654217501696866
blo,9.655228915635675
ute,9.655382607733957
ini,9.65642834090707
▁start,9.658333342584951
stra,9.660201585734015
leas,9.660798164337866
hoo,9.661200045336562
ash,9.663035530701984
▁comp,9.663164212429356
less,9.663888952067383
felt,9.663941420717377
place,9.664392287570198
eem,9.665258808756912
took,9.665423604357002
▁took,9.665913374736164
▁dea,9.665927713092701
orr,9.666169106291127
▁giv,9.666267114220286
▁felt,9.667221400628831
happ,9.670087336319341
once,9.670228928900126
cen,9.676756708287327
▁call,9.67932312258366
enti,9.679538701164706
body,9.679751903218067
liv,9.681172795418416
▁hands,9.681626645323242
hands,9.681626645323242
lm,9.683040481718951
▁pull,9.684607266214943
pull,9.684607266214943
wante,9.685155246798484
wanted,9.685155246798484
▁gla,9.685506112025978
▁hap,9.68600582013372
▁happ,9.68600582013372
lip,9.68618870258105
nf,9.68663995566973
ept,9.687242757128361
fri,9.68981178430367
bb,9.690465482311135
ming,9.6913475499347
▁pas,9.691359806353695
last,9.691391673746123
may,9.691563284856157
▁turne,9.691940932995578
▁turned,9.691940932995578
▁wante,9.69264756704254
▁wanted,9.69264756704254
tand,9.693315402445942
tes,9.694418798634073
▁tri,9.69480244639112
stand,9.695080437037172
ions,9.695255143266632
ian,9.696227658106425
mber,9.69664403579903
▁wr,9.69698416515005
▁app,9.697990442133756
▁came,9.700703551220263
went,9.704019670883314
ues,9.705918124115188
ank,9.70606239482699
ung,9.706679511369622
bar,9.707463898374074
love,9.707897442755627
move,9.70840597564922
chin,9.709034520588427
yea,9.709119354526043
hit,9.710515157108047
rus,9.710797550859274
▁may,9.716248603375098
llin,9.716701059086146
bea,9.716884613376616
oma,9.718719492440831
cho,9.719694933829754
lling,9.720017769947829
mus,9.720095972500047
wing,9.720277627834779
▁bla,9.720365944432176
rp,9.721118213264905
why,9.721903903139735
▁sid,9.723003895032319
▁sec,9.723467012071282
word,9.724216551873763
▁side,9.725613308128633
▁seem,9.727489702803192
seem,9.727489702803192
▁bel,9.729214314811493
▁smile,9.72921686068495
smile,9.72921686068495
late,9.729336524049137
▁blo,9.72943583005303
lic,9.729835700164246
rep,9.730671613920123
roa,9.730952107386463
▁el,9.732113166862337
▁why,9.73358492772161
▁sin,9.734137396966196
emb,9.734534032986202
mer,9.734626177417544
▁sen,9.736191369511499
wai,9.736309306435892
ano,9.736501624730955
▁lov,9.738879167072758
▁gre,9.739622345105808
ears,9.743232936476726
ka,9.743847596392877
chan,9.744304962514672
nat,9.745225496696325
eci,9.746216793810728
lde,9.746447288222258
eam,9.746641566343657
rte,9.747795060196678
▁plac,9.74783396520233
▁inte,9.74820234092898
cat,9.748399555532842
▁voi,9.74856566116083
ek,9.749248541279595
spo,9.749697990581877
lp,9.750020263544664
▁yea,9.750462258247925
cur,9.75067032337306
▁has,9.750909651797834
▁nig,9.750927863914354
▁nigh,9.750927863914354
▁night,9.750927863914354
nne,9.751047551789336
tat,9.75227387652328
cra,9.753718232576045
whil,9.754318488355219
ower,9.754574359021827
rien,9.755052333672152
ail,9.755099359915416
tche,9.756864442345393
lay,9.75700840124145
cor,9.759361793648385
ild,9.759500864211176
voic,9.759647827709381
por,9.761102881519424
voice,9.76143148083495
▁ver,9.762512677201073
ift,9.763537077233249
tol,9.763737339683127
▁em,9.763750516250447
hous,9.76468913438881
ors,9.76470232350357
▁voic,9.76547814944082
▁voice,9.76547814944082
▁sk,9.765480789331951
ric,9.765660318280156
whic,9.767121509133029
which,9.767121509133029
hich,9.767121509133029
hile,9.767409771691966
sli,9.767684888684556
▁try,9.768547765452599
while,9.768847034628916
wed,9.77025718796493
ize,9.770901961540408
▁ce,9.773708779480863
eop,9.77452092928592
rit,9.775347069472925
▁stu,9.775448385244944
life,9.775776398805778
▁hol,9.776622263392476
stop,9.777156300243028
inu,9.777244443740699
▁wai,9.777778813050693
ili,9.77973972126089
ainst,9.781441575620418
mean,9.781444257991474
▁bod,9.781747412273837
▁whic,9.78249361686514
▁which,9.78249361686514
▁part,9.782584917523645
▁place,9.782877672904444
tab,9.783014679630076
▁sli,9.783170514016055
▁love,9.783616657036479
riv,9.783958117765764
gains,9.78398500938983
talk,9.784073756880419
▁col,9.784423444854717
set,9.785053191523609
wea,9.78563215471099
▁dar,9.785645622960267
agains,9.78630309403771
against,9.78630309403771
gainst,9.78630309403771
▁agains,9.787163309144518
▁against,9.787163309144518
sat,9.787837976491652
eft,9.78872653294306
lef,9.789826843817517
flo,9.790100081537386
nea,9.790774026291306
opl,9.791020440758977
peo,9.79106377265695
peop,9.79106377265695
peopl,9.79106377265695
people,9.79106377265695
eopl,9.79106377265695
eople,9.79106377265695
ople,9.79106377265695
hre,9.791903699009568
eady,9.792063635902606
▁stop,9.792285963565693
▁sure,9.793270764345225
▁life,9.793420061225062
nou,9.793884381228624
sig,9.794914257231833
mind,9.795055642261568
lot,9.795420072761363
give,9.796375293140184
nch,9.798242101699522
▁whil,9.798463078992958
▁las,9.799194561998124
▁peo,9.799292861686649
▁peop,9.799292861686649
▁peopl,9.799292861686649
▁people,9.799292861686649
ait,9.799380247300302
▁mean,9.799533190501318
left,9.799596013236068
yon,9.800396665824326
rni,9.800454075107423
nsid,9.800949025123474
nside,9.800949025123474
cas,9.80105570389874
used,9.80402264646926
▁lef,9.804648389216105
▁left,9.804648389216105
az,9.80720482457541
iste,9.808471717799804
rent,9.810576653587486
ele,9.810781037908054
tain,9.810902583526483
gen,9.811203748817388
nv,9.812002690607633
▁ow,9.812110555179618
▁tru,9.812149278633314
▁while,9.813652353575925
cla,9.814891389171684
oes,9.815110528343965
ert,9.817374075523576
thre,9.818038836936267
hose,9.818662278352969
hers,9.819247107891831
hard,9.819589809807212
▁bri,9.82069952072711
ern,9.82142233129152
▁put,9.821843979439373
▁bea,9.822184778700736
▁move,9.822777263661404
ske,9.822992545604693
run,9.823532352154496
ntr,9.828027119807293
ete,9.828755248226209
alo,9.828763685252945
alm,9.830982279552234
dri,9.832770870850815
ouse,9.83434487996706
bra,9.834474980767082
few,9.835114417631749
die,9.836289670623382
omi,9.838402933762149
▁few,9.838678412336913
esi,9.840458070691557
oki,9.840497907587928
rth,9.841596893272216
beh,9.842141138885738
sea,9.84252314252797
▁last,9.842842541148716
watc,9.843162041817536
watch,9.843162041817536
▁ja,9.844381075449094
ours,9.845870483348994
▁talk,9.847187354082337
wom,9.848460067455092
alle,9.849490316398667
ehi,9.849832053893037
▁beh,9.849969930648669
avi,9.850444027037033
oti,9.850852217293854
nor,9.851323855728474
unc,9.85195976932896
eck,9.85208066742928
▁watc,9.852550005685364
▁watch,9.852550005685364
▁ano,9.852734345978066
inge,9.853019564323283
▁thre,9.85378054452552
nse,9.853815148297912
ah,9.856460110122168
rob,9.85713691148078
usi,9.8576549449909
bei,9.859213556925322
▁hard,9.860803640710714
▁att,9.862198495087432
▁mou,9.862384622759919
eno,9.86308291023832
▁wom,9.864102120991571
eall,9.864964893576278
eally,9.864964893576278
▁give,9.86543156725152
dg,9.86618453757979
▁reall,9.866219573257792
▁really,9.866219573257792
reall,9.866219573257792
really,9.866219573257792
bein,9.866313007734014
being,9.866313007734014
rta,9.86659044277584
hout,9.8672127612389
anot,9.8672127612389
anoth,9.8672127612389
anothe,9.8672127612389
another,9.8672127612389
nothe,9.8672127612389
nother,9.8672127612389
spi,9.867215683835393
ders,9.867388132148823
mome,9.868388334027307
twe,9.869225528946483
▁anot,9.86980846647004
▁anoth,9.86980846647004
▁anothe,9.86980846647004
▁another,9.86980846647004
▁very,9.869826047754177
▁mome,9.869837768781995
▁momen,9.869837768781995
▁moment,9.869837768781995
momen,9.869837768781995
moment,9.869837768781995
oment,9.869837768781995
kee,9.870503162334053
ready,9.870541281979897
ral,9.870547146669773
▁tol,9.872322796091982
sam,9.872372735943848
esp,9.872837002147143
ken,9.872842880316211
▁bar,9.872860515030736
scr,9.87295457209405
ross,9.874357659999564
help,9.875052578875142
elp,9.875052578875142
▁bei,9.875229330186507
▁bein,9.875229330186507
▁being,9.875229330186507
ses,9.87525289938863
▁dri,9.875615345817566
ecti,9.876092914823571
mem,9.877211082207868
ily,9.877276027432497
▁mus,9.878478275515098
okin,9.878800499037542
oking,9.878800499037542
care,9.879424548011626
pic,9.880896005123025
ined,9.881133061828098
▁help,9.881233827947058
sma,9.881565835230553
ami,9.881972101221745
cros,9.882013626751052
owa,9.883812743709832
ince,9.884511292985216
dra,9.88603493048767
find,9.886091516420125
▁ear,9.886222569821594
tabl,9.88659497435255
▁flo,9.886672451921342
▁mat,9.887039061812292
cross,9.887155332042324
nyt,9.889301303649034
▁find,9.890263859698075
fic,9.890619821539136
eld,9.891487822587345
cer,9.891922105809723
reac,9.89231162359164
ole,9.892695297090205
ote,9.892923172898875
▁body,9.894348574390667
urse,9.894654925778102
▁war,9.89499141975443
irl,9.896254281566753
ibl,9.896826100538433
els,9.89706696427696
ivi,9.898456073105422
▁new,9.89893562794296
lowe,9.898992948623523
oved,9.899493890162654
esti,9.899566336213018
unti,9.899632749703434
eart,9.900650635277692
ane,9.900762454408852
▁told,9.901104033505115
told,9.901104033505115
owar,9.902919684914755
oward,9.902919684914755
rnin,9.903313510939627
rning,9.903313510939627
▁du,9.903395325030786
hind,9.903743867445106
eek,9.904365483636846
oot,9.9058194509617
rop,9.906664268905066
arl,9.906992664149936
aske,9.907166027350836
year,9.907789775121385
isi,9.907941967761033
nta,9.908310369828861
▁own,9.908639306179598
ial,9.909193869764469
▁anyt,9.909803635176127
anyt,9.909803635176127
rro,9.910773928415042
pai,9.910960161515307
emo,9.911222778587536
hop,9.91166266398005
rot,9.912001874417538
ette,9.91223725017156
inger,9.915320586840709
ws,9.916296250553463
ntl,9.916959508833962
tions,9.917042447058856
▁beg,9.917466461002363
beg,9.917466461002363
▁eno,9.917660092374938
▁kee,9.917859910080374
wl,9.918244287155938
sil,9.919204337447688
keep,9.91933672436867
hon,9.920951407237158
lder,9.921546785821425
rol,9.921944930902725
▁wen,9.922649017102078
▁went,9.922649017102078
behi,9.923214497767974
behin,9.923214497767974
behind,9.923214497767974
ehin,9.923214497767974
ehind,9.923214497767974
wait,9.923313412488111
ale,9.923634952916862
poi,9.923832875350469
▁behi,9.924157676721821
▁behin,9.924157676721821
▁behind,9.924157676721821
house,9.924513532644156
step,9.924711629062044
tep,9.924711629062044
▁hal,9.924795212759557
bit,9.926080804858765
▁towa,9.926090104315213
▁towar,9.926090104315213
▁toward,9.926090104315213
towa,9.926090104315213
towar,9.926090104315213
toward,9.926090104315213
▁lig,9.9270546174427
both,9.927740576873838
▁ligh,9.927902047498955
▁light,9.927902047498955
▁chi,9.929157439010332
ryi,9.929384447766692
ryin,9.929384447766692
rying,9.929384447766692
▁word,9.92942176920693
gan,9.930093793425094
outh,9.93062613307035
▁anyth,9.931632437355109
▁anythi,9.931632437355109
▁anythin,9.931632437355109
▁anything,9.931632437355109
anyth,9.931632437355109
anythi,9.931632437355109
anythin,9.931632437355109
anything,9.931632437355109
nyth,9.931632437355109
nythi,9.931632437355109
nythin,9.931632437355109
nything,9.931632437355109
▁both,9.931994081843817
rf,9.932954945447046
dro,9.935383052670417
pon,9.935386181449395
▁reac,9.936491252522748
ani,9.937591274728133
rde,9.939571855644783
ooki,9.940662692254792
lis,9.94103705737211
nic,9.941395824350515
▁mis,9.9418051017298
▁alo,9.94256113109975
press,9.94258949332316
▁chan,9.944185375907201
frie,9.944333739410684
mig,9.94480738723397
othi,9.944924254865716
ents,9.945170669222179
▁sma,9.945268619997254
▁dre,9.945913438711752
ches,9.945945058165307
▁cle,9.94629610125708
pene,9.947533640958524
saw,9.947672999655365
▁fri,9.947682502091949
▁men,9.947799706234775
table,9.947942270329458
othin,9.948230628732428
othing,9.948230628732428
▁saw,9.948655395830142
bes,9.949061312064755
pat,9.949499125163628
ign,9.950219713220033
ways,9.950527788119606
hot,9.95060402748584
▁mig,9.951748316022238
stre,9.953731669876403
frien,9.954066330700783
friend,9.954066330700783
riend,9.954066330700783
iend,9.954066330700783
cent,9.954394725887484
ount,9.955779635068623
uri,9.95578921485145
▁wait,9.956993805220756
▁year,9.958452758041188
ging,9.95970864920005
▁migh,9.959891397445613
▁might,9.959891397445613
migh,9.959891397445613
might,9.959891397445613
enou,9.960301901216466
alon,9.961862069106491
▁keep,9.961935964570147
asked,9.963312059956497
sked,9.963312059956497
ski,9.96404589391766
rch,9.964271301907075
kl,9.964577294040634
ntin,9.965389432329248
▁rel,9.965653841843082
▁mot,9.965882838275286
oon,9.965947353779997
▁enou,9.966092528885625
▁enoug,9.966092528885625
▁enough,9.966092528885625
enoug,9.966092528885625
enough,9.966092528885625
noug,9.966092528885625
nough,9.966092528885625
gue,9.966128019339504
port,9.969605732856587
dec,9.970159533285607
irt,9.97017573089646
mse,9.971384813097638
msel,9.971384813097638
lau,9.972319368343353
fat,9.972634328464537
▁va,9.972728511065183
lw,9.974470864332416
▁aske,9.974503399787931
▁asked,9.974503399787931
gge,9.97605983047141
owed,9.976170631267985
rry,9.976744384674086
▁rep,9.976959627099852
ipp,9.977543623971348
▁bed,9.978065921176855
tely,9.978810666348386
dge,9.979068843456046
pened,9.979206129314838
▁alon,9.97934997281336
reath,9.979827419984398
lwa,9.980115306506754
lway,9.981444584537925
arin,9.983002020624905
ookin,9.983087339817182
ooking,9.983087339817182
▁unt,9.983917941460149
breat,9.98407231896601
breath,9.98407231896601
ching,9.985196379901971
rap,9.985209534291757
hom,9.985906964683908
oint,9.986183439630127
rio,9.987402156636813
▁breat,9.988087925961665
▁breath,9.988087925961665
ache,9.988167083462043
▁ol,9.988299026555179
▁kin,9.988483776137544
loc,9.988635560261216
insi,9.991136713846288
▁bes,9.99192105746208
cte,9.992361486175216
▁insi,9.992537049427296
▁use,9.994994855854474
▁sea,9.997788358126707
fre,9.998128101057826
dark,9.998274692474496
fol,9.999224725797115
ntil,9.999638355571012
until,10.001772599968803
hings,10.002040119131458
sy,10.002705883639353
▁step,10.002782859878835
hang,10.003067388709383
elie,10.00331851080794
ega,10.003472563567966
▁pai,10.003891305105036
▁sig,10.004370560559037
ips,10.006051444676899
▁dark,10.006155544357474
nex,10.006498142395923
ool,10.006874463725016
hun,10.007371962794062
iff,10.008778399660544
tiv,10.009044431892423
yone,10.009155580240217
▁unti,10.009196000884392
▁until,10.009196000884392
emp,10.009431820544085
oppe,10.0095059467811
urt,10.010210420216364
▁hai,10.01100649923214
▁things,10.011175241428214
things,10.011175241428214
soun,10.011215743792544
sound,10.011215743792544
live,10.011766063447611
▁mos,10.012063294472613
erv,10.01331060101029
gri,10.013966991024247
▁rec,10.014600104933104
ffer,10.014965936288931
amp,10.0178022786327
poin,10.018176081194543
point,10.018176081194543
looki,10.019206460468643
lookin,10.019206460468643
looking,10.019206460468643
hee,10.02027196165282
mag,10.021324961008931
pan,10.021672796588515
yb,10.021839937104618
eni,10.023875151094742
▁jo,10.024107620191074
▁set,10.025198895740372
rted,10.026017278230889
trai,10.026623792625072
fron,10.026839759428729
front,10.026839759428729
ront,10.026839759428729
▁soun,10.027000907903396
▁sound,10.027000907903396
inter,10.027326712858855
gir,10.027868813133232
▁end,10.029414381952519
aring,10.029967932858094
full,10.03029126580441
thos,10.030408241769422
those,10.030408241769422
leav,10.03056996637342
esse,10.030711066646047
▁old,10.032078360977112
rate,10.033357801646455
▁tea,10.033796153657036
▁leav,10.034853130318885
▁dec,10.03487732259913
▁thos,10.03490842781945
▁those,10.03490842781945
▁hous,10.035299053499587
▁stra,10.035655243515162
sca,10.03584203461753
lear,10.036011560447273
mme,10.037961442530976
mall,10.038714011966746
▁mind,10.03949839650808
ape,10.039998502443717
girl,10.040012397846075
vel,10.040384171540941
bly,10.041465532770513
arg,10.041524676268311
▁most,10.041684729155694
▁hair,10.043209995589445
▁house,10.044608458206218
fing,10.044831835320068
nothi,10.04556514214754
nothin,10.04556514214754
nothing,10.04556514214754
▁pos,10.046505259539229
▁act,10.047176813652552
gon,10.047439262017344
ott,10.04779980339337
foun,10.049257294664688
cons,10.049902632472314
▁ai,10.050306180188533
▁liv,10.051264820046905
pect,10.051876301150457
opped,10.05335383239464
▁noth,10.053413683225264
▁nothi,10.053413683225264
▁nothin,10.053413683225264
▁nothing,10.053413683225264
rew,10.053624950087785
form,10.055083909199707
▁onc,10.055535419473946
▁once,10.055535419473946
▁fat,10.056417863831324
arte,10.056541468205666
▁care,10.05707490800409
finge,10.057587419480544
finger,10.057587419480544
dan,10.058790201589478
edi,10.058924720101906
cond,10.059292968588814
tee,10.060302806622214
crea,10.060593545526546
ppen,10.061402386055237
ann,10.061970384338114
▁scr,10.062023650721533
▁gir,10.062201225827392
▁girl,10.062201225827392
reach,10.063025587171735
appen,10.063342009680191
▁happe,10.064797419773747
▁happen,10.064797419773747
happe,10.064797419773747
happen,10.064797419773747
hip,10.067628898847833
sted,10.068296926601185
ims,10.069226477444829
next,10.069859781757975
lee,10.070192695670587
lv,10.07032159533312
▁nex,10.071281704314748
▁next,10.071281704314748
▁pri,10.072913854074343
kil,10.073053876657703
cted,10.073402223003677
tere,10.073574645467879
iev,10.073912392268783
▁stre,10.074013019753108
ethe,10.074261037856107
▁ent,10.07439765380731
found,10.075027047218738
ara,10.075664036906288
fig,10.07574683937385
dee,10.076932025765142
▁fing,10.077166347396084
▁finge,10.077166347396084
▁finger,10.077166347396084
lou,10.077584657860665
lke,10.077977884979644
▁fol,10.078360437693576
idn,10.078761192272868
ghte,10.07882258328488
hte,10.07882258328488
spec,10.079107920390934
thes,10.079516202378544
ical,10.07987042266389
alke,10.079906574646829
hold,10.080814417786154
▁ph,10.081824502425887
ier,10.082367980700134
stor,10.083027797860465
line,10.084584805889282
tua,10.086373454991213
ppo,10.08753852346154
lack,10.08772068808786
stoo,10.087775343947254
als,10.087800851037315
suc,10.088774250337277
▁foun,10.089708437644074
▁looki,10.090420611649145
▁lookin,10.090420611649145
▁looking,10.090420611649145
ldi,10.091422165237391
doe,10.091934295417442
does,10.091934295417442
rsel,10.092022115503415
owi,10.093479590814058
▁pres,10.093963444054683
sor,10.094311816699587
eali,10.094315484425614
owin,10.094520898555896
owing,10.094520898555896
clea,10.096978132375416
▁doe,10.098030454203338
▁does,10.098030454203338
▁suc,10.098420757024364
plan,10.098505465489184
▁fron,10.098597548046788
▁front,10.098597548046788
ctu,10.09923130599458
ream,10.099268164744483
rw,10.09931239703775
oman,10.100016691233204
▁imp,10.100990983287867
wall,10.101537592844984
umb,10.102224972072545
lor,10.102616915785571
▁wea,10.102849936268386
▁sit,10.103260628327268
far,10.104067703980734
▁fig,10.104075111360707
etter,10.104994051975849
▁mar,10.105227627103755
▁read,10.105498345900894
rip,10.107023899209732
ulle,10.107309967500269
rly,10.107518068578687
lai,10.10761098482962
zed,10.107982736191724
inn,10.108522021261576
sle,10.10891644133895
▁hom,10.109404100047087
dle,10.10941154706158
ref,10.110503134311596
bab,10.110540410885138
asi,10.112839331107036
home,10.113000005191212
▁frie,10.113407411012286
tie,10.113680353615647
kill,10.114342455420214
▁bit,10.114750408642246
ease,10.115192233761576
ori,10.115210959476665
leg,10.115364523568438
rms,10.115405727703092
fort,10.115604280515981
▁reach,10.115649241343869
avin,10.116320147110525
▁dra,10.116518881585048
▁found,10.116556383085113
hir,10.11673265897609
alked,10.116792674880323
lked,10.116792674880323
embe,10.116961488924552
east,10.118940613010404
▁home,10.118974446134162
▁mon,10.119500886619065
owl,10.12012169033523
tom,10.121469972985821
▁clea,10.122729509235782
hone,10.122891780429038
arri,10.123586447752867
▁gri,10.123862183222316
▁frien,10.124943194942794
▁friend,10.124943194942794
aving,10.124962104146471
▁insid,10.125813388596864
▁inside,10.125813388596864
insid,10.125813388596864
inside,10.125813388596864
mout,10.125942090187264
mouth,10.125942090187264
cia,10.126707070778156
tten,10.127669808362514
▁sn,10.12786322572555
erin,10.128231201238465
etti,10.128443702377664
eeme,10.128512015906427
ether,10.129282763968828
rid,10.129681659981928
atin,10.129704458846545
▁cas,10.129959081483873
rain,10.130803220094402
rag,10.13116847381663
tem,10.132379330550416
expe,10.132466965121928
xpe,10.132466965121928
fla,10.132466965121928
alw,10.133256022049295
alwa,10.133256022049295
ouc,10.133442894810464
ouch,10.133442894810464
ering,10.133954113008757
▁alw,10.134805451436641
▁alwa,10.134805451436641
▁alway,10.134805451436641
▁always,10.134805451436641
alway,10.134805451436641
always,10.134805451436641
lways,10.134805451436641
grou,10.134824548052148
▁cra,10.134950594861516
uit,10.136345809692877
itc,10.136567694413198
ember,10.136988645539335
lean,10.137497850482351
▁sam,10.137528487619926
ffi,10.137838741513516
acc,10.139057706923941
▁sil,10.140040093126744
▁poi,10.140128401653758
ntly,10.141077250333653
ible,10.141803900948583
eon,10.14218473829525
ettin,10.142315564385235
etting,10.142315564385235
lve,10.142623458010421
pho,10.143397459308257
eng,10.143486064830752
reas,10.14360935514106
tive,10.144280012371716
▁mout,10.14561881686898
▁mouth,10.14561881686898
prob,10.146267643404029
hum,10.14650333344567
eard,10.146982612371984
stood,10.148092793074094
tood,10.148092793074094
▁lat,10.148983375418888
▁pic,10.149971688216981
hims,10.150153954485233
bur,10.150227646024122
▁lau,10.150584545041006
▁fre,10.151139543240836
won,10.151457932968079
witho,10.15146569983772
withou,10.15146569983772
without,10.15146569983772
itho,10.15146569983772
ithou,10.15146569983772
ithout,10.15146569983772
thout,10.15146569983772
bli,10.15169873398216
show,10.1521533068178
▁far,10.152211600333441
ary,10.152592534949454
▁hims,10.152635301976083
▁himse,10.152635301976083
▁himsel,10.152635301976083
▁himself,10.152635301976083
himse,10.152635301976083
himsel,10.152635301976083
himself,10.152635301976083
imse,10.152635301976083
imsel,10.152635301976083
imself,10.152635301976083
mself,10.152635301976083
ssio,10.152985282730715
ssion,10.152985282730715
ybe,10.154039853966276
▁cla,10.154043747433233
▁prob,10.155033179291852
acr,10.155341115672291
▁witho,10.155450280444928
▁withou,10.155450280444928
▁without,10.155450280444928
▁won,10.155629648446157
entl,10.155840251942953
▁sat,10.156148436989056
heart,10.156597230619816
land,10.15787837570113
ayb,10.158578230089613
▁rest,10.159145510542844
▁show,10.159317714479696
mayb,10.159525181329782
maybe,10.159525181329782
aybe,10.159525181329782
▁bra,10.15986191726543
ita,10.160128253885155
aught,10.160143922954411
smal,10.160476948731725
rive,10.161939656805847
▁run,10.16289765419358
onde,10.163581377288796
small,10.166100250480858
gree,10.166541706346383
▁stan,10.166904476653668
▁inst,10.167101689640388
▁same,10.167291050705163
same,10.167291050705163
wind,10.167863296786587
rself,10.168171261223078
woma,10.168194954723951
woman,10.168194954723951
ges,10.16836477457709
▁smal,10.168487220735495
▁small,10.168487220735495
ece,10.168688697043946
cour,10.169510824978568
moth,10.169732282645468
▁hold,10.17019512931896
ating,10.17103037763616
▁ci,10.171117505313905
nni,10.171129386949056
tent,10.172262751577836
▁late,10.172726771225696
▁mayb,10.173683251451651
▁maybe,10.173683251451651
uall,10.174616800694652
ually,10.174616800694652
itch,10.17538813263224
memb,10.175626809409327
eti,10.175722296073095
gle,10.176781217584947
▁didn,10.177745572398768
didn,10.177745572398768
ima,10.178144337826305
ieve,10.178228098772614
utt,10.17975297611989
fath,10.1811961652982
fathe,10.1811961652982
father,10.1811961652982
nec,10.182164789167656
membe,10.183030139167572
member,10.183030139167572
osed,10.183126335407977
stro,10.184678778811898
inal,10.1854137200798
mothe,10.185811536514866
mother,10.185811536514866
▁woma,10.185827613232966
▁woman,10.185827613232966
ema,10.186153222396314
▁mys,10.186603622133688
mys,10.186603622133688
acti,10.186937531430129
▁acc,10.187082394233236
pac,10.187162882636914
mple,10.187215203573551
ille,10.187609711068271
tou,10.188399193273424
emed,10.189431293285217
reme,10.189528107297507
sup,10.189911421436204
▁inter,10.190327180737743
atter,10.190331218083188
▁hop,10.190694645938683
pass,10.191337024782472
▁stand,10.191648262277381
foo,10.192258892519316
lia,10.192598742341334
lood,10.192772757788678
uy,10.193700001612921
nit,10.193817486861567
hur,10.194145708450554
▁ski,10.196462529560035
ndo,10.196551901599646
eemed,10.197051719765641
ky,10.197254969320209
▁sup,10.197812084858825
econ,10.197873101766628
▁cons,10.198389860844301
icke,10.198666660552986
uic,10.198894670798149
trie,10.199094222418537
▁cur,10.200031425790982
lls,10.200696149965133
essi,10.200847099827627
oli,10.20150011842921
earl,10.201875797309858
ourse,10.202468186555503
uest,10.20269297775608
sis,10.203032303808742
lr,10.203584465741185
tran,10.204112372154412
laug,10.204394855140785
laugh,10.204394855140785
▁expe,10.20462417537111
ense,10.205156728731204
heard,10.205915082443207
emen,10.206136548219447
▁seeme,10.206390884239722
▁seemed,10.206390884239722
seeme,10.206390884239722
seemed,10.206390884239722
▁cre,10.207647103923126
uf,10.207967569340255
▁pulle,10.20826347475132
▁pulled,10.20826347475132
pulle,10.20826347475132
pulled,10.20826347475132
ulled,10.20826347475132
▁tryi,10.208777407478559
▁tryin,10.208777407478559
▁trying,10.208777407478559
tryi,10.208777407478559
tryin,10.208777407478559
trying,10.208777407478559
cin,10.208867886978846
oulde,10.209550859995046
oulder,10.209550859995046
ulde,10.209550859995046
ulder,10.209550859995046
etw,10.210650356273016
▁eac,10.211487112592874
▁each,10.211487112592874
▁lip,10.213154467498345
▁que,10.215134965006465
ivin,10.215437139214265
▁plan,10.216335922603786
vis,10.21639393637793
sib,10.216978405677807
boo,10.219348798068308
▁wind,10.221529034513885
oat,10.221895647720233
erf,10.221895647720233
cus,10.222291574266444
▁poin,10.222391622623233
▁point,10.222391622623233
▁kil,10.222441650555506
ween,10.223730732544821
slo,10.223939478151484
ckl,10.22421926559837
coun,10.224921166609011
osi,10.22499221976307
mai,10.22601678216595
omeo,10.226117203937473
meo,10.226117203937473
rce,10.226682264382582
hig,10.226870688840634
lse,10.226933504883872
▁someo,10.227490646468794
▁someon,10.227490646468794
▁someone,10.227490646468794
someo,10.227490646468794
someon,10.227490646468794
someone,10.227490646468794
omeon,10.227490646468794
omeone,10.227490646468794
meon,10.227490646468794
meone,10.227490646468794
eone,10.227490646468794
liev,10.227784003608068
ona,10.229151344511232
▁nea,10.22939900797563
ffic,10.229886118454358
rti,10.230747540863007
wis,10.23094934702887
gar,10.231020829813113
▁slo,10.231836936608538
upp,10.232262080732482
▁dee,10.232379974476672
tched,10.232645286230065
omin,10.232754800492302
high,10.233525951884772
▁heard,10.233757834966147
▁heart,10.234217544007945
nam,10.234567739467
twee,10.235881009380659
ket,10.235986652631949
eave,10.236181065379276
arted,10.23629096756644
ict,10.236341695726919
▁tre,10.236481211438518
sinc,10.236599603672126
since,10.236599603672126
▁kill,10.237644599948966
ryt,10.237678464246263
iving,10.238813581416503
betw,10.239148432887575
betwe,10.239148432887575
betwee,10.239148432887575
between,10.239148432887575
etwe,10.239148432887575
etwee,10.239148432887575
etween,10.239148432887575
tween,10.239148432887575
everyt,10.239237462905587
everyth,10.239237462905587
everythi,10.239237462905587
everythin,10.239237462905587
everything,10.239237462905587
veryt,10.239237462905587
veryth,10.239237462905587
verythi,10.239237462905587
verythin,10.239237462905587
verything,10.239237462905587
eryt,10.239237462905587
eryth,10.239237462905587
erythi,10.239237462905587
erythin,10.239237462905587
erything,10.239237462905587
ryth,10.239237462905587
rythi,10.239237462905587
rythin,10.239237462905587
rything,10.239237462905587
▁stoo,10.239262901509518
arms,10.23957669751077
▁shoulde,10.2400475762173
▁shoulder,10.2400475762173
shoulde,10.2400475762173
shoulder,10.2400475762173
houlde,10.2400475762173
houlder,10.2400475762173
▁laug,10.240353129653334
▁laugh,10.240353129653334
nis,10.240871086199022
▁sinc,10.242162900357455
▁since,10.242162900357455
ppi,10.242549919485707
tant,10.242737103347602
nnin,10.242822198505314
nning,10.242822198505314
fere,10.24346490077115
tree,10.243805572749915
fam,10.24415062141159
udd,10.244589559019182
cap,10.244768598600196
bloo,10.2448368125875
▁everyt,10.244879448692613
▁everyth,10.244879448692613
▁everythi,10.244879448692613
▁everythin,10.244879448692613
▁everything,10.244879448692613
▁betw,10.245310175283846
▁betwe,10.245310175283846
▁betwee,10.245310175283846
▁between,10.245310175283846
▁fla,10.245404021529637
▁tou,10.246202070406607
uff,10.24702639353668
pers,10.247817186187186
▁acr,10.250437678900406
▁ran,10.250454828911552
mas,10.250467691612934
rab,10.25074213533011
▁arms,10.250832203589045
eliev,10.252240037903174
ban,10.25228728622533
blac,10.25232165004367
black,10.25232165004367
▁ret,10.252626680688726
▁spo,10.253645555758329
erse,10.253877849791998
▁cor,10.25400692535301
atu,10.254157534567566
adi,10.25417905202145
fra,10.254734362460704
alr,10.256014041379958
▁foo,10.257148593795677
miss,10.258271471243628
ory,10.258543742963841
ump,10.258647485026586
acro,10.259720117013412
walke,10.261123194486457
acros,10.26284508569544
across,10.26284508569544
econd,10.263122947894944
▁grou,10.263266250765806
seco,10.263279279317878
secon,10.263279279317878
second,10.263279279317878
lanc,10.263353110986053
exc,10.263570294550453
xc,10.263570294550453
san,10.263804905792014
sol,10.263817941363918
▁acro,10.263974381482436
beli,10.264417761435887
belie,10.265161516213782
▁acros,10.265453079801732
▁across,10.265453079801732
cov,10.266319568725482
cove,10.266319568725482
ement,10.266820646052196
arc,10.26689909827701
spa,10.267077817990488
▁alr,10.268888610368572
orl,10.270287126421593
▁bloo,10.270728939436893
▁pass,10.270917097306276
▁exc,10.271398592577226
▁fath,10.272853240256987
▁fathe,10.272853240256987
▁father,10.272853240256987
bett,10.273059340382911
pear,10.27366911923634
enin,10.274007070508738
lad,10.27424414344929
rong,10.274428572378808
deep,10.276041578743243
▁bett,10.276428735696227
▁seco,10.276978932350385
▁secon,10.276978932350385
▁second,10.276978932350385
cover,10.277137445148423
blood,10.277432521991656
▁blac,10.27760432324006
▁black,10.27760432324006
lock,10.27787750394639
rder,10.278538733858074
ening,10.27865339151689
▁ple,10.27886069065249
▁starte,10.279279830803647
starte,10.279279830803647
tarte,10.279279830803647
▁dro,10.279783030990828
name,10.28048970422363
▁fam,10.28077251340444
nut,10.280975831916848
worl,10.28251089422904
world,10.28251089422904
orld,10.28251089422904
rld,10.28251089422904
bette,10.283144185437937
better,10.283144185437937
play,10.283321401637734
▁moth,10.284137000904579
ras,10.285747989703138
▁bette,10.28600119081058
▁better,10.28600119081058
quic,10.286214462532891
quick,10.286214462532891
uick,10.286214462532891
oft,10.286818979537784
▁deep,10.28702797850022
▁trie,10.28855009622857
▁started,10.28859018326198
started,10.28859018326198
tarted,10.28859018326198
▁quic,10.28870599927501
▁quick,10.28870599927501
ldin,10.28932539714207
lding,10.28932539714207
ollo,10.290851018504041
▁cau,10.291905145329125
ollow,10.29190961433323
near,10.292768033374886
ria,10.292835128406077
▁hun,10.29378388658868
ult,10.293819706414956
elin,10.294110790076695
▁cro,10.295939837464896
ente,10.296038557691855
ets,10.296052020296106
▁cour,10.296078946048345
tog,10.296586183165635
▁mothe,10.296765797802914
▁mother,10.296765797802914
omm,10.29762390279147
reali,10.298433262632052
err,10.29879768838434
▁ton,10.299283796066762
▁near,10.29984221126296
▁reali,10.300567715937337
fil,10.300914882587577
agi,10.301009585322527
usin,10.302611871291921
▁gav,10.302638974256084
▁gave,10.302638974256084
gav,10.302638974256084
gave,10.302638974256084
ocke,10.302706734880411
ectio,10.302878415681047
▁kis,10.302910044306762
▁kiss,10.302910044306762
kis,10.302910044306762
kiss,10.302910044306762
elieve,10.30295071115267
lieve,10.30295071115267
pare,10.302995898476729
yse,10.303479530699677
▁years,10.303678475389189
years,10.303678475389189
ised,10.30380509716559
▁myse,10.30410815008683
▁mysel,10.30410815008683
▁myself,10.30410815008683
myse,10.30410815008683
mysel,10.30410815008683
myself,10.30410815008683
ysel,10.30410815008683
yself,10.30410815008683
▁blood,10.304194107185241
dam,10.304619477354201
three,10.304918249673811
hree,10.304918249673811
▁walke,10.30507219753107
▁walked,10.30507219753107
walked,10.30507219753107
▁los,10.306817086244282
pli,10.307334339369541
▁swe,10.307429652029176
ection,10.309483348722207
▁stood,10.309801776600983
floo,10.310402516621508
arge,10.31064382441988
kind,10.311208621199155
unn,10.311564060101583
bs,10.312038175247501
apt,10.312699576575714
orc,10.313032723562788
▁slow,10.313114886455333
slow,10.313114886455333
ached,10.313726755826616
aut,10.314631547169444
odd,10.314636118901056
iled,10.314663549729651
ably,10.31483729578651
aste,10.315001925164996
ines,10.315258069192522
uar,10.315601222038454
▁tab,10.315852942319054
ques,10.316132197122565
pain,10.316942935557268
▁ten,10.317350843476566
fami,10.317644273399354
lmo,10.318006594736477
almo,10.318387402926161
done,10.318649005819053
▁floo,10.318929042638839
iver,10.319048426434925
▁ob,10.319714482192337
alt,10.320385579967967
wate,10.321222785040097
water,10.321222785040097
ede,10.321273407815296
uti,10.321572594719585
ici,10.32250755516702
amil,10.323318869356047
▁air,10.32350335077929
famil,10.323724773420661
cit,10.324324706061606
comm,10.324380102608568
▁alre,10.32461095459192
▁alrea,10.32461095459192
▁alread,10.32461095459192
▁already,10.32461095459192
alre,10.32461095459192
alrea,10.32461095459192
alread,10.32461095459192
already,10.32461095459192
lre,10.32461095459192
lrea,10.32461095459192
lread,10.32461095459192
lready,10.32461095459192
arn,10.325022003025216
ya,10.325063579129125
org,10.32522528041177
▁pain,10.325253003257243
▁gen,10.325382386699117
quest,10.325470192140799
dir,10.328311852581916
▁wall,10.329160361367132
ugg,10.329847114028608
▁alm,10.33038570951464
▁almo,10.33038570951464
▁ser,10.330701572822775
ben,10.331235980560706
almos,10.331324301509795
almost,10.331324301509795
lmos,10.331324301509795
lmost,10.331324301509795
fina,10.332198634770158
eate,10.333129616511027
chang,10.333488275688511
fle,10.333851723978015
rang,10.335260168346446
appea,10.335297505114767
ppea,10.335297505114767
▁must,10.335423527000735
must,10.335423527000735
ler,10.335493546022597
▁fina,10.33549821413171
oh,10.335638267538972
rre,10.335759663026943
▁three,10.335937113714797
▁tried,10.336240720802852
tried,10.336240720802852
dden,10.336394895071471
ngl,10.336479000146795
lass,10.336502363923131
▁almos,10.336530401175295
▁almost,10.336530401175295
stea,10.336880933169601
▁id,10.337456071768136
efu,10.338382600020998
ix,10.338644804223385
ows,10.33909914210401
▁worl,10.33919284569152
▁world,10.33919284569152
▁nam,10.33924907205889
cid,10.340256997248352
cli,10.340547843566272
oge,10.341524204446703
oming,10.341665104422043
▁eas,10.342426307535563
iden,10.343272768907523
bus,10.343649204071012
▁beli,10.345014970643073
▁belie,10.345014970643073
tac,10.345203498710747
▁name,10.345255350161068
▁fami,10.3460428798815
add,10.346113646448572
ppin,10.347180469306121
compl,10.347629252520658
ompl,10.347629252520658
▁lu,10.348238975493725
▁kind,10.349805161347712
ovi,10.35023143698399
ayi,10.352194648745094
ayin,10.352194648745094
aying,10.352194648745094
reak,10.352213635786438
▁famil,10.352299081934056
nced,10.352769166296738
ende,10.353325005592733
plea,10.354347225896507
essed,10.354399553649019
foll,10.354875386126901
▁sle,10.35488966459996
ords,10.35538001587744
follo,10.355661005056444
follow,10.355661005056444
ries,10.356156500347465
tir,10.356185094106403
▁foll,10.356661777164103
▁dir,10.356718994403673
comi,10.356828669931119
fal,10.35719116158824
▁follo,10.357448801323438
▁follow,10.357448801323438
alki,10.35784493260557
alkin,10.35784493260557
alking,10.35784493260557
lki,10.35784493260557
lkin,10.35784493260557
lking,10.35784493260557
eling,10.358064542846018
answ,10.359005593500518
answe,10.359005593500518
answer,10.359005593500518
nsw,10.359005593500518
nswe,10.359005593500518
nswer,10.359005593500518
swer,10.359005593500518
boy,10.359215898443459
onder,10.359469279043987
slee,10.359474060427194
▁reme,10.360550453323595
uni,10.361848448797605
oget,10.362404563678423
uil,10.363517722092155
believ,10.363618543305023
urp,10.364204467689516
big,10.365622672384228
eache,10.36600761719752
tual,10.366214586280446
▁ans,10.367515139439622
▁answ,10.367515139439622
▁answe,10.367515139439622
▁answer,10.367515139439622
▁remem,10.36830593157484
▁rememb,10.36830593157484
remem,10.36830593157484
rememb,10.36830593157484
emem,10.36830593157484
ememb,10.36830593157484
▁wate,10.368484428486592
▁water,10.368484428486592
▁bur,10.368662957265183
pte,10.369058729267067
asse,10.369937710092332
chil,10.369971532481308
▁tabl,10.370609540371714
lla,10.371654432107647
arly,10.372186972774871
count,10.37290877586055
▁pho,10.37308809633337
sens,10.37318503970882
▁remembe,10.373558359471227
▁remember,10.373558359471227
remembe,10.373558359471227
remember,10.373558359471227
emembe,10.373558359471227
emember,10.373558359471227
lance,10.374091915293821
cul,10.37434424081449
▁rai,10.375431909959568
minu,10.375451343378247
rke,10.375601965179337
dded,10.375776909294858
ula,10.3762776129641
sist,10.376370003171777
mbl,10.376905061676164
ushe,10.377610803768901
ecte,10.378268322026544
ected,10.378268322026544
ippe,10.378331661425864
comin,10.378375514129512
coming,10.378375514129512
▁table,10.378531450429849
rect,10.378585059149565
sibl,10.379213957793297
eren,10.379960373932976
▁guy,10.380570604838871
guy,10.380570604838871
pose,10.383005468579638
ffere,10.383872301974188
rwa,10.383906598971489
nall,10.38439668455024
nally,10.38439668455024
toge,10.38551497858189
toget,10.38551497858189
togeth,10.38551497858189
togethe,10.38551497858189
together,10.38551497858189
ogeth,10.38551497858189
ogethe,10.38551497858189
ogether,10.38551497858189
geth,10.38551497858189
gethe,10.38551497858189
gether,10.38551497858189
egan,10.386069684638727
gers,10.386290670975304
final,10.386305405134243
sper,10.3863103165688
▁believ,10.386614872631572
hall,10.38670822289904
atur,10.388744442727306
▁final,10.389212276689259
▁pat,10.389300943582576
cri,10.389532499764313
andi,10.389907044524326
▁sor,10.390030280706625
stio,10.390163392843936
stion,10.390163392843936
stay,10.390612160589507
tay,10.390612160589507
ana,10.390725617294796
leave,10.391228928302272
▁stay,10.391233863978078
shin,10.391391818467769
isp,10.391406627980412
lowed,10.391623859367252
rve,10.39272061072215
▁ang,10.393432660714408
▁feet,10.393670123426457
feet,10.393670123426457
sent,10.394051171015004
▁big,10.394551206919088
appear,10.394783982170683
ppear,10.394783982170683
lid,10.395205096345911
ards,10.395338899145562
▁boo,10.396092493628425
dia,10.396370276919562
rev,10.396434773363598
vers,10.396782133430609
dif,10.396871474096553
▁leave,10.397377888692116
skin,10.397685834694729
ently,10.397720608750307
bat,10.397969030034332
eig,10.398471029344064
minut,10.398471029344064
inut,10.398471029344064
seen,10.398834017486292
▁els,10.399575320272762
▁else,10.399575320272762
else,10.399575320272762
words,10.400088085907791
▁words,10.400740624230211
liz,10.401308828719362
held,10.401508275255885
▁stor,10.401992098365632
minute,10.402012054860474
inute,10.402012054860474
nute,10.402012054860474
▁chil,10.404344717425042
▁minu,10.405045078139423
yed,10.405460523710767
stin,10.40552560913541
floor,10.406151646813274
loor,10.406151646813274
olo,10.406342039975728
lips,10.406627697704586
these,10.407485160819771
hese,10.407485160819771
▁wond,10.407856454783486
▁wonde,10.407856454783486
▁wonder,10.407856454783486
wond,10.407856454783486
wonde,10.407856454783486
wonder,10.407856454783486
▁thes,10.409237472787975
lim,10.4094234281341
zi,10.40948374540295
aine,10.409790414451638
▁comm,10.410474474373792
pit,10.41087204767217
char,10.41128992160619
diff,10.411410785176546
▁lot,10.411833922747904
▁these,10.413064053024577
aze,10.413916957366792
▁plea,10.41526592954861
pus,10.41528615271121
▁done,10.415356937001173
▁floor,10.415538976757135
cing,10.415933509948562
▁leg,10.416561037157784
believe,10.41682431096913
pping,10.416986360080493
▁many,10.417178827513572
many,10.417178827513572
imes,10.417731110762773
ized,10.418207636795687
ray,10.418319196964767
▁minut,10.418364838803127
▁minute,10.418364838803127
stat,10.419450714409631
ago,10.419526871425125
▁held,10.420669923192655
rma,10.420964788471863
sla,10.42125465460151
pris,10.422369133011255
▁tog,10.422537175847298
▁toge,10.422537175847298
▁toget,10.422537175847298
▁togeth,10.422537175847298
▁togethe,10.422537175847298
▁together,10.422537175847298
▁lin,10.42299052311142
▁compl,10.423510342511369
▁believe,10.423571515503511
pol,10.424127341620741
▁lips,10.424168148370182
offe,10.42449976495303
▁seen,10.42479065771517
rown,10.42643042524587
ande,10.426455988075473
andin,10.426542906584313
anding,10.426542906584313
poss,10.42696738194171
▁dif,10.427033882357362
▁diff,10.427033882357362
hange,10.42709015539415
eeli,10.427110619101766
eelin,10.427110619101766
eeling,10.427110619101766
**,10.427996075412706
ract,10.428293109174312
touc,10.42859023119119
touch,10.42859023119119
scre,10.429815511069693
estio,10.429918113056157
estion,10.429918113056157
mel,10.429943765197729
bal,10.430662292453125
supp,10.431196389969429
cy,10.431571455803017
eded,10.432013494740481
ossi,10.43247115947563
change,10.43257403431305
ipped,10.432764380666821
eb,10.433134888266466
▁supp,10.43536082129462
rso,10.435443358487989
▁hig,10.43646015638509
▁high,10.43646015638509
eral,10.437074865515314
oup,10.437534853067582
ais,10.43776234082817
▁spa,10.438921263366993
nders,10.439780975054019
rati,10.439832788525532
urr,10.440164458330555
mac,10.441040803044178
ntio,10.44151299925826
entio,10.441621999286914
doi,10.442535990688397
doin,10.442535990688397
doing,10.442535990688397
▁boy,10.442723046431555
▁feeli,10.443263626320592
▁feelin,10.443263626320592
▁feeling,10.443263626320592
feeli,10.443263626320592
feelin,10.443263626320592
feeling,10.443263626320592
udde,10.44335721789742
moved,10.443892938233017
fec,10.444121877154153
fect,10.444121877154153
ker,10.44442894571873
▁doi,10.444543470000605
▁doin,10.444543470000605
▁doing,10.444543470000605
hole,10.444585118446083
oni,10.445085035137048
ention,10.445095452726106
ntion,10.445095452726106
times,10.445381978962148
tig,10.44601783942784
▁sca,10.446174260513722
eede,10.446560203836999
clear,10.44662280327884
rrie,10.446852368097996
roc,10.447040233065387
▁sens,10.447181154955747
▁pers,10.447202033961908
phon,10.447358640405016
clu,10.44757270888164
cide,10.448429441335767
iat,10.449041095723068
▁coun,10.45048021972824
illi,10.451014530898625
eeded,10.451019770656863
dere,10.451150773536494
serv,10.451465250485304
atche,10.451591068960864
fea,10.451790313927967
ngers,10.452010578246037
mine,10.452871122855937
fas,10.452970867980977
▁touc,10.453222899990376
▁touch,10.453222899990376
mit,10.453648348096065
▁ques,10.453848003428575
▁quest,10.453848003428575
lso,10.453853258054616
▁met,10.454631247307143
pir,10.45478376209217
trac,10.454999426141018
fire,10.45632072583921
bin,10.458598931472746
▁nod,10.458641169452088
nod,10.458641169452088
dent,10.45896857429638
illed,10.459137599391726
▁ide,10.459174577439976
mpa,10.459391190614602
arch,10.460051886377677
▁play,10.460184077928714
za,10.46184589360621
ured,10.46312854303579
van,10.463330100331786
raw,10.463414978717026
▁bus,10.464142044983728
epl,10.46548080438765
ssin,10.466752158923656
erst,10.46690653371935
pleas,10.467566887991447
itin,10.468424934629093
▁live,10.468926246583615
▁hur,10.468942250040364
bas,10.469497194933638
▁bega,10.470367584394399
▁began,10.470367584394399
bega,10.470367584394399
began,10.470367584394399
iting,10.471597031405086
blu,10.472110639351618
hate,10.472281900637888
soo,10.473567296047126
also,10.473787049763054
bil,10.474677278224423
▁soo,10.474993875716287
▁clear,10.476411744317634
ishe,10.476519240568805
questi,10.476852552401237
uesti,10.476852552401237
pow,10.476917077202978
sign,10.477024627792192
oub,10.477697081169442
hell,10.478294599065654
roll,10.478299983732814
▁chang,10.478558481860142
unders,10.47890863795253
▁als,10.479970629798995
▁also,10.479970629798995
▁fil,10.480909571669775
phone,10.482141245280756
underst,10.482406145228515
nderst,10.482406145228515
derst,10.482406145228515
questio,10.482671115366848
question,10.482671115366848
uestio,10.482671115366848
uestion,10.482671115366848
ssing,10.48347185988558
nci,10.483488097825527
▁es,10.48439784353855
alf,10.484517038216108
eigh,10.484831346848093
▁atte,10.484956013838332
▁spi,10.484977696640618
▁hum,10.48513491101901
ngi,10.485915928007865
expl,10.486409802080017
xpl,10.486409802080017
aliz,10.486496662300262
fall,10.486762718667773
hope,10.487305910585397
vio,10.487588487032356
sleep,10.48813212780793
leep,10.48813212780793
▁pus,10.488213699421054
▁push,10.488213699421054
push,10.488213699421054
▁questi,10.488703268881698
▁questio,10.488703268881698
▁question,10.488703268881698
▁expl,10.490151621226012
rson,10.49053311548915
fai,10.490718465228284
itio,10.491089267801975
reache,10.491111084000504
grea,10.492055090313054
lam,10.49208784641115
conf,10.492552006440016
onf,10.492552006440016
▁scre,10.492606627669117
▁hope,10.492699490606219
gett,10.492808752162103
bor,10.493278712934494
erso,10.493628594579665
ney,10.494022357812735
py,10.494350612322343
ained,10.494782978493964
eer,10.495007444771586
early,10.49595513819524
groun,10.496273063134744
ground,10.496273063134744
mpt,10.496755625109452
getti,10.496804991167005
gettin,10.496804991167005
getting,10.496804991167005
erson,10.496815961732977
▁cho,10.497210982284669
dly,10.497699487331749
▁blu,10.49845741679272
▁stro,10.498803619148704
ngin,10.498814611662803
orw,10.498990508323969
orwa,10.498990508323969
evi,10.499056477549349
sigh,10.499221419655044
topp,10.499435885073318
▁ei,10.499452384318477
▁grea,10.500877846390217
llowe,10.500982497008716
dist,10.5014177407383
▁inc,10.502145406397025
rust,10.50291223317865
fli,10.503342796560919
ghts,10.503469792958256
hts,10.503469792958256
ersel,10.504630071776315
▁nec,10.505155402401071
hest,10.505183059027463
▁hers,10.505227311220718
▁herse,10.505227311220718
▁hersel,10.505227311220718
▁herself,10.505227311220718
herse,10.505227311220718
hersel,10.505227311220718
herself,10.505227311220718
erself,10.505227311220718
mpe,10.505249438051715
▁fal,10.506229040809846
past,10.506356404302657
dered,10.506683193545891
ition,10.507564394918619
half,10.508729437130608
deci,10.509401340224152
ura,10.51034053963964
ushed,10.510451745893995
alled,10.510796563894687
tire,10.511041345595139
along,10.511809458912914
▁dist,10.51184843690984
▁past,10.512672898967226
▁deci,10.513007334081571
▁unders,10.513051933881993
▁miss,10.513074234528156
rov,10.51372116969547
▁underst,10.514692357858566
lue,10.514938095155465
uts,10.515893693441047
▁along,10.516044660891072
oud,10.517113267189
sev,10.517561190512017
seve,10.517561190512017
nki,10.518513694267979
lent,10.519399776664315
▁realiz,10.519865565075728
realiz,10.519865565075728
ealiz,10.519865565075728
llowed,10.51991047181006
neede,10.52065734186974
needed,10.52065734186974
nish,10.522102124181027
sof,10.522282165478485
ship,10.522721151989513
▁ass,10.522946348051786
powe,10.523689855073313
power,10.523689855073313
range,10.52416892129788
rty,10.524721541464535
hour,10.524913338205707
nkin,10.5250656735921
▁red,10.525347837452168
main,10.525822052043154
rise,10.526251297199558
allo,10.526454688179868
orta,10.526912469193341
▁neede,10.527161228226273
▁needed,10.527161228226273
cep,10.52789655980909
▁sof,10.528270089042095
isse,10.529561537342758
sic,10.529646559547775
cial,10.530724133636006
tif,10.53074115727901
cept,10.530786555077224
great,10.531348523457169
▁reache,10.53159270914172
▁stopp,10.531694944111848
stopp,10.531694944111848
▁cli,10.531933533029957
eit,10.532143765678724
tend,10.532382461717503
tare,10.532473408530732
▁stare,10.533161461736995
stare,10.533161461736995
▁gett,10.53415741823627
▁getti,10.53415741823627
▁gettin,10.53415741823627
▁getting,10.53415741823627
▁ful,10.534237137624066
fact,10.534442159522262
▁sigh,10.53472128466613
child,10.53476686351755
hild,10.53476686351755
eare,10.535787233960617
onti,10.535998278431892
▁pleas,10.536043915525731
pie,10.53662026303928
tered,10.536723013321934
qua,10.538837444813524
calle,10.539226529839231
visi,10.539318101262143
tice,10.539352442707692
rely,10.539615766311023
▁fea,10.539741728201992
▁great,10.540526484495256
esid,10.540807313343382
list,10.540881832195252
feren,10.54096782238669
▁fire,10.54131759202968
xa,10.541380678265718
kes,10.541495390710422
▁pow,10.54208062895351
god,10.542178201968335
icked,10.542275784504582
del,10.542315968316826
apped,10.54235041286971
▁glan,10.54251116980557
glan,10.54251116980557
pick,10.542620269588914
▁half,10.54264323948113
ghe,10.54272938127632
chest,10.542792556642544
perso,10.543275118365232
person,10.543275118365232
nking,10.544402002133744
ontin,10.544442271478136
ingers,10.545841199195202
sco,10.54589304893467
▁glanc,10.546469338109468
glanc,10.546469338109468
ited,10.547178629568599
xi,10.547195935646782
yet,10.547363243178607
▁ches,10.547772976367245
rush,10.548061621641528
shoo,10.54881248950674
tone,10.548847158561724
oba,10.549095655302205
▁hour,10.550425873422752
etu,10.550547416323205
esc,10.550547416323205
erat,10.550663185202344
conti,10.550831073886751
▁fingers,10.550831073886751
fingers,10.550831073886751
contin,10.551080064174522
▁slee,10.551589819039817
ighte,10.552238974001986
riou,10.552296954763985
rious,10.552296954763985
▁sev,10.553190283284028
▁seve,10.553190283284028
dres,10.553701115254642
dress,10.553701115254642
inki,10.554276113310262
blin,10.554491096475584
▁conf,10.554816564338505
ctl,10.555020035558204
ctly,10.555020035558204
resse,10.555386388115576
▁pick,10.555683057566906
oad,10.555770330040351
such,10.556509542376366
onal,10.556777423438778
▁shoo,10.55690556584011
conc,10.556952167148449
▁conti,10.55711528883176
edg,10.557156073410534
▁contin,10.557365848951475
▁yet,10.557424127745588
called,10.557511552305533
cut,10.557902142013505
nve,10.558129570469283
eside,10.55979311958177
gat,10.559939177052723
fie,10.56042424089488
ters,10.560617162992951
▁such,10.560915388553092
inkin,10.56106745934819
inking,10.56106745934819
hite,10.56205062850906
ela,10.56231999824407
soon,10.563662071861028
▁child,10.564947226740609
inall,10.565017693938158
inally,10.565017693938158
▁soon,10.565223251631584
iet,10.565581610352496
▁perso,10.566145844947991
▁person,10.566145844947991
▁loc,10.566263433904172
drop,10.566851586181985
▁chest,10.5670280993415
gone,10.56709282864065
stru,10.56749895347959
ssa,10.567693245418557
ram,10.567799238752853
olle,10.567799238752853
▁wee,10.568111395493409
▁fall,10.56860633416647
cki,10.56861222776926
▁god,10.568948220557417
bbe,10.569018970268552
dic,10.569213557787851
ckin,10.569856555476926
cking,10.569856555476926
sun,10.57002769791211
▁leas,10.571356523278546
ees,10.571799857752106
unte,10.572178325317815
rand,10.572190154737582
thers,10.572491852231936
sch,10.572687116771629
▁change,10.573154723197604
rav,10.573332352556651
▁bat,10.573450789660765
ithe,10.574582571211472
reg,10.574624074459107
chai,10.574659650042403
vic,10.5756325397199
▁whis,10.57578092924862
whis,10.57578092924862
ither,10.576071836614487
rad,10.576113401718805
nten,10.577022327971228
hirt,10.577444398082744
▁full,10.577795267976057
eith,10.5780153678547
eithe,10.5780153678547
either,10.5780153678547
cto,10.578164111418097
▁comi,10.57874144599356
bad,10.57973619534814
tec,10.579795792589996
▁nu,10.579825592542914
sile,10.579831552640064
▁gon,10.579962683765416
tinu,10.580326364576916
▁gone,10.580415814549097
inf,10.580624562272268
emi,10.582242342684625
ctor,10.582816059308263
▁grab,10.582828015238704
grab,10.582828015238704
▁retu,10.583132939772245
▁retur,10.583132939772245
▁return,10.583132939772245
retu,10.583132939772245
retur,10.583132939772245
return,10.583132939772245
etur,10.583132939772245
eturn,10.583132939772245
tuall,10.583210680506934
tually,10.583210680506934
ones,10.58331235058761
lize,10.583449920681284
oldi,10.583749051409624
howe,10.583778969404403
elli,10.583820856100896
fini,10.584407454148423
stead,10.585395871772407
tead,10.585395871772407
elo,10.586097342191026
resp,10.586217300925366
▁lan,10.5863732687963
▁ben,10.587465725551828
▁dam,10.58767595028284
▁conc,10.587754045011787
aso,10.588655579484415
▁sud,10.589022436098714
▁sudd,10.589022436098714
▁sudde,10.589022436098714
▁sudden,10.589022436098714
sud,10.589022436098714
sudd,10.589022436098714
sudde,10.589022436098714
sudden,10.589022436098714
udden,10.589022436098714
whit,10.589136730406683
white,10.589136730406683
proba,10.589750533780208
roba,10.589750533780208
exa,10.589858891142896
continu,10.590557475934931
ontinu,10.590557475934931
ntinu,10.590557475934931
▁powe,10.592082808502905
▁power,10.592082808502905
▁continu,10.592287971366734
ruc,10.593320458575008
▁bad,10.59467457129416
probab,10.594868165738605
robab,10.594868165738605
obab,10.594868165738605
vent,10.595043643082812
rese,10.595309943386395
best,10.595412851135741
ouldn,10.595503660886349
uldn,10.595503660886349
ldn,10.595503660886349
offi,10.595721637939073
reached,10.596115328001062
eached,10.596115328001062
▁reas,10.596563717744084
race,10.596575839176596
orma,10.596963802615909
▁je,10.597145712304313
atched,10.59747929936908
edge,10.598237865896843
▁finall,10.59922182501438
▁finally,10.59922182501438
finall,10.59922182501438
finally,10.59922182501438
lain,10.599890497724015
▁best,10.60018850503044
▁moved,10.600352751095748
▁lean,10.600675238510885
isc,10.601813902986718
gent,10.602526989370473
rried,10.602612350019266
▁proba,10.602667228569997
tati,10.603332108016472
probabl,10.603350413703135
robabl,10.603350413703135
obabl,10.603350413703135
babl,10.603350413703135
sten,10.603606728507938
▁low,10.603753223612822
anger,10.604082916085998
ason,10.604718185791562
ssib,10.60542111765751
tate,10.605531186511804
▁comin,10.605714661529138
▁coming,10.605714661529138
▁hell,10.606026646336174
▁reached,10.606179615623299
others,10.606608054155044
▁sun,10.606638663932422
luc,10.60684683527043
magi,10.606926441647554
▁sile,10.60706117457036
▁silen,10.60706117457036
silen,10.60706117457036
ilen,10.60706117457036
▁arr,10.607110172861555
ode,10.607385832992739
easo,10.607471609422653
eason,10.607471609422653
▁probab,10.60785156493566
ished,10.608017074567778
gua,10.608139691958757
driv,10.608243928563681
ressi,10.60878981525975
▁least,10.609029117969614
least,10.609029117969614
rpr,10.609164134509344
week,10.609649116945912
pur,10.610552179125056
rok,10.610730430601482
▁drop,10.611283827241115
▁stat,10.611788299831883
▁fai,10.61207756353469
stic,10.6124223274364
pret,10.612921214190218
allow,10.613574454531934
lease,10.61369775529347
▁calle,10.614746426045302
probably,10.614832836197314
robably,10.614832836197314
obably,10.614832836197314
bably,10.614832836197314
rtai,10.615462621350261
▁phon,10.615474974044384
▁phone,10.615474974044384
lone,10.615542916589723
possi,10.615697348635297
possib,10.615697348635297
ossib,10.615697348635297
▁probabl,10.616445136978072
jac,10.61676667243631
rh,10.616952220701037
ief,10.617521450152994
gged,10.617570963682576
rtain,10.617651428397295
▁week,10.617892861396168
vie,10.618103389016312
maki,10.618877768854228
makin,10.618877768854228
making,10.618877768854228
matt,10.621092705374618
▁dan,10.62120451286708
conv,10.621533796429796
onv,10.621533796429796
ppr,10.621658082561488
▁matt,10.622037250696017
aced,10.622317057071832
tern,10.62234815150251
alize,10.622945352142343
ifte,10.623094708045292
▁probably,10.62348687345697
inv,10.623735947215225
▁idea,10.623748402531778
idea,10.623748402531778
sible,10.623785769412269
ntere,10.624533400391538
rwar,10.624645593263669
rward,10.624645593263669
rb,10.62560598048576
ista,10.626354974060705
iffe,10.626823380083604
empt,10.62774209282552
orry,10.628655392025747
chee,10.629300208009475
▁inv,10.62963216861569
essio,10.630077043321876
ession,10.630077043321876
▁whit,10.630678878938618
▁white,10.630678878938618
twi,10.630810578776064
repl,10.631105398420715
forc,10.631124219647294
gaz,10.631262252800568
▁hor,10.63135637723942
ssu,10.631808297909929
toppe,10.632090852075871
topped,10.632090852075871
▁poss,10.632166213338962
fice,10.632203896100359
offic,10.632888713598136
▁driv,10.632970420390215
sq,10.63330360180429
▁cat,10.633957714561426
squ,10.634366752415715
▁called,10.63448005402472
sim,10.635235726325618
▁top,10.635859586147541
tchi,10.63596675275705
tchin,10.63596675275705
tching,10.63596675275705
soft,10.636635227272704
dire,10.637285211045993
taki,10.637847187956588
takin,10.637847187956588
taking,10.637847187956588
ends,10.638106182490723
nue,10.63854852336581
este,10.63892782848339
opene,10.639029000817901
▁count,10.639661559920011
ressed,10.639705854045669
bui,10.640414827014121
buil,10.640414827014121
uma,10.640598482325284
▁nor,10.641409502100327
oung,10.64149824730656
havi,10.641751848444052
cess,10.641859648405475
contr,10.641986486769177
ontr,10.641986486769177
▁exa,10.642633612790998
aren,10.642703425913991
▁offi,10.643077961319898
▁offic,10.643077961319898
▁chai,10.643312911044914
▁soft,10.643351016202452
mpo,10.643554268235672
otic,10.643751208045785
eful,10.644119780277405
▁opene,10.644259619081629
eared,10.64512451150096
opened,10.646652619428034
▁yes,10.647022262790134
▁twi,10.647054134995342
▁maki,10.64822135723492
▁makin,10.64822135723492
▁making,10.64822135723492
dead,10.649166337735208
aye,10.649690292712627
later,10.649798951890439
indo,10.650009912240264
orde,10.651756838766522
▁stoppe,10.651859317470254
▁stopped,10.651859317470254
stoppe,10.651859317470254
stopped,10.651859317470254
▁opened,10.651923371993487
▁conv,10.653384929453114
vil,10.653474743858121
enter,10.654373331851835
rpri,10.65485505063373
hook,10.655343429162494
break,10.656160068063812
ants,10.656417415329631
▁pret,10.656777812800453
temp,10.657441026060695
▁realize,10.657537647218872
realize,10.657537647218872
ealize,10.657537647218872
▁pan,10.657640720078591
elle,10.657737360534293
▁chee,10.657743803563418
direc,10.658117570298664
direct,10.658117570298664
irec,10.658117570298664
irect,10.658117570298664
▁glance,10.659297785389564
glance,10.659297785389564
tun,10.659323598002898
sum,10.659491396232374
lem,10.659717322936258
cce,10.65989164413319
ndow,10.659923929171336
▁used,10.66012411967587
kly,10.660544004116925
▁dire,10.660699082948975
eari,10.661461903871743
earin,10.661461903871743
earing,10.661461903871743
noti,10.661850002194853
ranc,10.661934110021138
suppo,10.663462221741131
uppo,10.663462221741131
ickl,10.664019657034737
▁fore,10.664026140668424
abb,10.664499559507014
fast,10.664499559507014
▁tig,10.664557941735481
▁resp,10.664577403235768
shing,10.664869371199224
ppos,10.665252302837626
▁suppo,10.666831009470917
orce,10.666948049908521
▁windo,10.667032587633532
▁window,10.667032587633532
windo,10.667032587633532
window,10.667032587633532
indow,10.667032587633532
▁later,10.667637566038643
val,10.668229888643955
cket,10.66853595095933
<unk>,22.61025234934122
<pad>,22.61025234934122
<bos>,22.61025234934122
<eos>,22.61025234934122
<sep>,22.61025234934122
<cls>,22.61025234934122
<toolcall>,22.61025234934122
</toolcall>,22.61025234934122
<toolresponse>,22.61025234934122
</toolresponse>,22.61025234934122
<think>,22.61025234934122
</think>,22.61025234934122
<system>,22.61025234934122
</system>,22.61025234934122
<user>,22.61025234934122
</user>,22.61025234934122
<assistant>,22.61025234934122
</assistant>,22.61025234934122
